Cluster Name,Angular Separation (arcseconds),kpc/arcsec Scale,kpc Separation,Z Separation,Z Separation over +1,K0 (keV cm2),K0err (keV cm2)
SPT-CLJ0156-5541,17.38285955251519,8.368058894145685,145.46079248411002,0.06024590163934436,0.033108108108108165,,
SPT-CLJ2106-5844,5.3566715954751585,8.262518962998833,44.25960063617071,,,,
SPT-CLJ0151-5954,23.409686657872513,8.099250459355828,189.60091541714993,,,,
SPT-CL_J2341-5119,2.805220280406949,8.037611077274148,22.547269599992987,0.00701402805611212,0.003503503503503451,,
XMMU_J1230.3+1339,20.299747591776292,7.98991374109836,162.19323222436174,0.0037948717948718324,0.0018734177215190058,,
SPT-CLJ2345-6405,13.410234192578752,7.911559174114335,106.09586135331817,,,,
SPT-CLJ2146-4633,7.515864399197166,7.895016615997489,59.33787431524561,0.005144694533762086,0.002483186756337313,,
SPT-CLJ2034-5936,3.7722050307953623,7.863496026909945,29.662719272349037,,,,
WARP_J1226.9+3332,2.198657418411319,7.786662117820929,17.120202430009375,0.0,0.0,,
SpARCS_J161314+564930,2.581010121775794,7.734924040878678,19.963917240674792,0.0011481056257175671,0.0005344735435595943,,
SPT-CLJ0058-6145,7.364694752346635,7.61465565883481,56.07961457154733,,,,
SPT-CLJ0058-6145,7.364694752346635,7.61465565883481,56.07961457154733,,,,
XMMU_J0954+1738,5.714531591853425,7.60847496929416,43.47887057785749,0.0026570048309178503,0.0012035010940918927,,
BLOX_J1056.9-0337.3,61.79712996799523,7.59289140392767,469.218896921392,0.010449574726610027,0.004717498628634148,126.7980328,36.94521908
ClG_1137.5+6625,1.046816399981625,7.457771427741627,7.806917437874313,0.20204603580562663,0.08866442199775534,,
SPT-CL_J2337-5942,28.205510714571325,7.454307320562397,210.25254499983015,0.0028169014084506784,0.0012352610892756763,,
RCS_J2318.5+0034,,7.450834959050828,,,,,
SPT-CL_J2359-5009,5.813113309687079,7.379628680706243,42.89861770436196,0.014342105263157922,0.00619318181818183,,
SPT-CLJ0014-4952,35.772056000890856,7.35018968751442,262.9313971189363,0.006781914893617013,0.0029109589041095853,,
SPT-CLJ2259-6057,2.7739822922531925,7.342742817732819,20.36863855296015,,,,
SPT-CLJ2259-6057,2.7739822922531925,7.342742817732819,20.36863855296015,,,,
SPT-CLJ0324-6236,1.0793155691743301,7.266318524766036,7.842650714359833,0.020753424657534242,0.00875722543352601,,
WARP_J1113.0-2615,2.3775595077454614,7.246646739073026,17.229333853755715,0.0,0.0,,
SPT-CLJ2043-5035,1.098211419707086,7.238713510356105,7.949637841061042,0.0006915629322267565,0.000290191526407397,15.84805071,3.138106575
WARP_J2302.8+0843,0.8814399486517386,7.23473299702296,6.376982681404957,0.0,0.0,,
ACT-CL_J0616-5227,5.764083061619574,7.186236750156436,41.422065528364804,0.045183098591549294,0.018760233918128654,,
SPT-CLJ0310-4647,2.580139377937922,7.182133979673428,18.530906698581408,0.0036671368124117573,0.0015213575190169313,,
400d_J1221+4918,12.362608771450004,7.144777506379957,88.32808907043155,0.0014285714285714299,0.0005882352941176475,,
MACS_J0744.9+3927,0.8348941921630915,7.13636972287962,5.958113634760726,0.0014326647564469929,0.0005889281507656071,53.44326193,7.50834945
400d_J0405-4100,8.430950885289803,7.085098209474446,59.73411502153378,,,,
400d_J1202+5751,55.44128405825543,7.04570208740875,390.6227708178717,0.0014771048744460869,0.0005963029218843177,,
SPT-CLJ0352-5647,8.513852519997187,7.01449145610258,59.72034576003769,0.03201492537313445,0.012844311377245558,,
LCDCS_0954,5.7486362692287285,7.01449145610258,40.323759994746325,0.0,0.0,,
SPT-CLJ2218-4519,5.575717364541157,6.922505748763987,38.597935509519345,,,,
SPT-CLJ2218-4519,5.118259036594619,6.922505748763987,35.43117760448948,,,,
RDCS_J0542-4100,2.357830470028612,6.874910494430281,16.209873442487186,0.0026562500000000544,0.0010365853658536796,,
SPT-CLJ0243-5930,1.502011308434814,6.850702599669427,10.289832775427257,0.0020472440944881384,0.000795107033639124,,
SPT-CLJ0426-5455,49.34980412376377,6.826217425451062,336.8724928522329,,,,
SPT-CLJ0123-4821,8.971745130460382,6.776403739216813,60.796167249351974,0.054838709677419405,0.020987654320987672,,
SPT-CL_J0417-4748,0.9072521568998736,6.776403739216813,6.147906908428823,0.06385322580645159,0.024437654320987642,,
SPT-CL_J2344-4243,0.9368255891830745,6.776403739216813,6.34830842553418,0.03532258064516134,0.013518518518518537,,
SPT-CL_J0559-5249,24.591874737402446,6.7305940202294785,165.51792505379328,0.0009819967266774697,0.000372439478584689,,
WARP_J1120.1+4318,16.34147512581471,6.673320637326125,109.05190320145084,0.01833333333333335,0.006875000000000006,,
SPT-CLJ2232-5959,0.8985166535498047,6.641474657667,5.967475584042787,0.002769360269360282,0.0010319949811794277,,
400d_J0328-2140,10.29552580770277,6.620002904655425,68.15641075194722,0.0,0.0,,
MACS_J2129-0741,6.440839528303199,6.6146045986881985,42.603606763327065,0.0016977928692699506,0.0006293266205160484,,
400d_J0956+4107,1.978464762195173,6.603771368347408,13.065328949868746,0.005110732538330499,0.0018903591682419678,,
MACS_J0025.4-1222,35.50905772040994,6.587429594986481,233.91341771751163,0.0017123287671232893,0.0006313131313131318,149.8153377,20.3617204
SDSS_J1029+2623,5.17046737144462,6.587429594986481,34.06008978256625,0.002568493150685029,0.0009469696969697328,,
SPT-CLJ2245-6206,38.22068869955997,6.5654678897606225,250.9367043814977,,,,
SPT-CLJ0256-5617,1.4761351625802923,6.5654678897606225,9.691518010867485,,,,
SPT-CLJ0307-6225,2.56013265255311,6.559946457090417,16.794333123797266,0.0017012089810017508,0.0006238125395820226,,
SPT-CLJ0307-6225,4.069286099388433,6.559946457090417,26.694298930570437,0.005747841105354055,0.002107663077897402,,
SPT-CLJ2148-6116,11.617025675453132,6.515324448153787,75.68869139811005,0.004028021015761962,0.0014640356460853467,,
SPT-CL_J2331-5051,0.7359948401611395,6.515324448153787,4.795245175816911,0.029071803852889773,0.010566518141311305,,
WHL_J135716.8+623249,0.9002364668794322,6.469891919043377,5.824432642291399,0.06394316163410288,0.023032629558541216,,
400d_J1120+2326,5.391438630448545,6.464155184780499,34.85109597643984,0.04448398576512439,0.0160051216389244,,
SPT-CLJ0456-5116,10.396487670632556,6.464155184780499,67.20450967962597,0.0012455516014233503,0.0004481434058898354,,
ACT-CL_J0346-5438,2.870185116778312,6.394300014880879,18.35282473492644,0.03441818181818182,0.012212903225806452,,
SPT-CLJ0307-5042,2.4162949680985077,6.394300014880879,15.45051495046888,0.05090909090909075,0.0180645161290322,,
MCXC_J0454.1-0300,7.531051636949616,6.394300014880879,48.1558035942156,0.020000000000000018,0.007096774193548394,193.3504602,20.56101313
400d_J1354-0221,3.8478176150328776,6.370593829712771,24.51288315618856,0.0034065934065933565,0.0012031047865459074,,
MACS_J0717+3745,3.3757769516789753,6.370593829712771,21.505703818852666,0.03406593406593397,0.012031047865459218,,
RX_J0848.8+4455,10.137709065653977,6.352674159342231,64.4015624163095,0.05340699815837921,0.018794556059624053,,
GMBCG_J215.94948+24.07846,0.3283828630747207,6.352674159342231,2.0861093286255965,0.005524861878453043,0.0019442644199611162,5.560099115,3.402985957
Cl_0016+16,6.877287695322621,6.340660608514955,43.606547183156735,0.004251386321626559,0.0014925373134328157,165.4635935,19.83432198
WARP_J1524.6+0957,41.886740509990766,6.185864738119918,259.105711115531,0.0,0.0,,
MACS_J0911.2+1746,4.617310356302823,6.114966482671554,28.23469806888401,0.0001980198019801762,6.644518272424518e-05,,
WARP_J0030.5+2618,3.0636903105368782,6.082160230403015,18.633855365018462,0.0040000000000000036,0.0013333333333333346,,
WHL_J142716.1+440730,0.058638209413949836,6.068934966153758,0.35587147946496667,0.024096385542168697,0.008010680907877177,12.5949367,3.479032735
MACS_J1311.0-0311,1.5891840101654713,6.04230688825368,9.602337491325434,0.004595141700404847,0.0015194109772422987,32.42311288,3.780681509
400d_J0926+1242,1.2858939233607722,6.008686265770345,7.726533156535417,0.005910020449897758,0.0019408999328408354,,
MACS_J1824.3+4309,19.068351909469435,5.9951328095425644,114.31730215636381,0.008213552361396311,0.0026899798251513135,,
SPT-CLJ0334-4659,0.7435665943870913,5.981518847663451,4.447657598819311,0.003979381443298943,0.0012996632996632913,,
MACS_J2214-1359,1.1679642952742528,5.967844120222085,6.970228852181781,0.024844720496894433,0.008091706001348625,150.1977052,23.60052444
SPT-CLJ2233-5339,10.394593697113987,5.947217521904793,61.818909768557425,0.08652708333333331,0.02806283783783783,,
SPT-CLJ2145-5644,2.4286875006634183,5.947217521904793,14.443932859176641,0.002708333333333382,0.0008783783783783941,,
MACS_J1105.7-1014,9.412960599125798,5.84911827073707,55.05751982207486,0.0,0.0,,
SDSS_J1115+5319_CLUSTER,5.632079577623798,5.84911827073707,32.942699559724474,0.0,0.0,,
MACS_J1621.3+3810,1.2476238980219956,5.8419935939440695,7.288610819896027,0.0,0.0,-2.413422374,5.625767322
3C_295,1.1370904846368832,5.834853057968773,6.634755891470712,0.0056034482758621695,0.0017759562841530374,,
400d_J1641+4001,0.9074963996722921,5.834853057968773,5.295108142723525,0.003987068965517161,0.001263661202185767,,
SPT-CL_J0509-5342,1.7109260013570466,5.827696628539203,9.97075768978852,0.0030237580993520783,0.0009569377990430706,,
MACS0140.0-0555,27.728293979963844,5.762567860657387,159.78617571979936,0.006607929515418508,0.00206327372764787,,
OC02_J1701+6412,0.35796988614492725,5.755250592709708,2.0602063994078192,0.0022075055187637986,0.0006882312456985553,,
LCDCS_0829,1.088429217702669,5.740567192981907,6.248201059026904,0.0015521064301551627,0.00048242591316332076,3.460229123,2.29858974
MACS_J1108.9+0906,5.79116655992058,5.725818405564954,33.159168078485536,0.031180400890868622,0.009661835748792279,80.24928325,38.93989457
MACS_J1359.2-1929,1.5558389394433751,5.711003946111187,8.885402322674558,,,19.0128541,3.628066286
MACS_J1359.2-1929,0.5495139373230922,5.711003946111187,3.1382762644952744,,,19.0128541,3.628066286
2MASSi_J0913454+405628,0.5284495642996921,5.673678603269364,2.9982529858741813,0.0,0.0,23.53436616,2.754219873
MACS_J1206.2-0847,1.8220231256892228,5.658632031582411,10.310158421308941,0.0029999999999999723,0.0009166666666666583,54.19987647,11.44318455
MACS_J0417.5-1154,7.412261264684403,5.658632031582411,41.94325901880072,0.0018181818181818702,0.0005555555555555715,23.91943497,8.332098963
WHL_J224319.8-093530,19.974502529591067,5.5977731180961685,111.8127333074888,0.016203703703703717,0.004888268156424585,,
MACS_J0451.9+0006,4.351816266899354,5.582388759921659,24.293530213583185,0.011627906976744196,0.0034965034965035,,
SPT-CLJ2135-5726,7.132884755164058,5.559183791906311,39.65301732044365,0.008196721311475417,0.002452697967764543,,
SDSSCGB_08842,1.7960328927165439,5.551414404306755,9.97052287123535,0.014084507042253534,0.004207573632538574,,
SDSSCGB_08842,7.654235432991994,5.551414404306755,42.4918328366669,0.0007981220657277159,0.00023842917251052384,,
MCXC_J1623.5+2634,1.5216277972156278,5.551414404306755,8.447186471456394,0.002347417840375589,0.0007012622720897622,,
MACS_J0358.8-2955,3.0202220223831415,5.543627754771086,16.742986628854045,0.021176470588235314,0.006315789473684216,26.15137019,14.95643678
MACS_J0455.2+0657,1.7283556266617395,5.543627754771086,9.581360222076793,,,,
MACS_J0358.8-2955,41.25625046230979,5.543627754771086,228.709295120648,0.0039999999999999515,0.0011929824561403364,26.15137019,14.95643678
SPT-CL_J0551-5709,17.99986355150376,5.528002518480766,99.50329104502293,0.008274231678487004,0.0024595924104005643,,
MACS_J2046.0-3430,0.5074805235163645,5.528002518480766,2.8053536120784006,0.00472813238770686,0.0014054813773717511,6.476170253,2.107999215
SPT-CLJ0252-4824,1.742192152231347,5.512307779240828,9.603499353677176,0.0023752969121140165,0.0007037297677691773,,
MACS_J0416.1-2403,8.242449871593287,5.504434250651703,45.37002338247782,0.046904761904761894,0.013873239436619715,76.27244299,106.5217605
SPT-CL_J0234-5831,2.598020206928643,5.46480348235988,14.197669874064985,0.0009638554216866409,0.00028268551236746,,
WHL_J022825.9+003202,4.758392468737494,5.45682443333117,25.965712286785784,0.0458937198067632,0.01343705799151341,,
MCXC_J2228.6+2036,6.718020285596058,5.440813129190267,36.55149297203758,0.0,0.0,,
PLCKESZ_G304.84-41.42,26.28523012374914,5.424730623001008,142.59029278493054,0.1317073170731707,0.03829787234042553,-48.26712337,43.67531794
PLCKESZ_G304.84-41.42,0.697306959909494,5.424730623001008,3.7827024190527685,0.4512195121951219,0.13120567375886524,-48.26712337,43.67531794
MACS_J0553.4-3342,2.795197828630578,5.400472672241301,15.095389487027658,0.05085995085995099,0.014712153518123704,106.5767327,46.57404126
MACS_J0553.4-3342,80.27395517588974,5.400472672241301,433.51730122011566,0.0454545454545455,0.013148542999289279,106.5767327,46.57404126
400d_J1312+3900,5.80136728072775,5.3760527425384605,31.188456480029313,0.000420792079207792,0.00012108262108258403,,
MACS_J0429.6-0253,0.6055760983740122,5.3349899816557125,3.230742417955509,0.005012531328320806,0.0014295925661186575,12.16901712,3.110479556
MACS_J1354.6+7715,5.800820054089571,5.318436931455378,30.851295608396956,0.007556675062972299,0.002147458840372228,,
MACS_J1720.2+3536,0.6240563974664949,5.268334882318213,3.287738087306574,0.010230179028133002,0.0028756290438533456,12.31214016,2.522833442
ZwCl_0024.0+1652,4.901885951882006,5.259919520733874,25.783525606715312,0.03589743589743593,0.010071942446043173,,
WHL_J141623.8+444528,0.9577540744581345,5.226070785921899,5.005290588623324,0.08031088082901561,0.022366522366522385,18.73369098,17.58297325
GMBCG_J179.81192+49.79669,12.850283148986874,5.200486412882202,66.82772291799536,0.08616187989556143,0.02386117136659438,,
MACS_J0949.8+1708,4.01422820504025,5.200486412882202,20.875939238520328,0.0,0.0,,
MACS_J0011.7-1523,0.6951175781417609,5.157465618641429,3.585045010179429,0.002645502645502648,0.0007256894049346885,7.905560331,6.688152504
ABELL_0370,26.98468151729377,5.131423167301451,138.46981990009252,0.006666666666666672,0.0018181818181818197,256.6987849,27.69287741
ZwCl_0848.5+3341,1.6347306247745472,5.096429189514091,8.331288873093609,0.10512129380053903,0.028446389496717708,,
400d_J0318-0302,34.13832621703922,5.087632065278582,173.6832431167492,0.0,0.0,,
NSCS_J122648+215157,4.541702208644081,5.087632065278582,23.106509787644182,0.1837837837837838,0.049635036496350364,57.71948801,16.38793688
MCXC_J0027.8+2616,9.802595137681736,5.0611232827846395,49.612142483032535,0.002724795640326978,0.0007315288953913686,,
MCXC_J1731.6+2251,20.536663683539857,5.052247739005136,103.75631266187312,0.016393442622950834,0.004392386530014645,,
SDSS_J015021.27-100530.5_GROUP,1.2358450210533447,5.043352480282043,6.2328020521736,0.0,0.0,,
MCXC_J0035.4-2015,1.347218565566556,5.034437462356558,6.782487616470535,0.12637362637362634,0.03372434017595307,136.3763388,16.25504296
WHL_J093820.9+520243,11.519048811223696,4.998578909302697,57.578874443011074,0.04999999999999989,0.013235294117647031,92.45939451,18.08901106
MACS_J1006.9+3200,11.184132758455315,4.989564427324292,55.803950962060945,0.10935933147632317,0.0288888888888889,,
GALEX_J094712.4+762313,0.42391643851345684,4.944190704822215,2.095923714919571,0.025423728813559344,0.006646971935007391,25.08675322,1.567618458
MACS_J1931.8-2635,0.9448183081096156,4.925899756348607,4.654080273710859,0.0,0.0,20.74614369,1.384883305
MACS_J1115.8+0129,1.3509814026146014,4.925899756348607,6.654798961970765,0.0,0.0,22.14670928,2.422180462
SPT-CL_J2355-5056,0.7353184594395339,4.907527425762165,3.6085955063686965,0.09028571428571418,0.023407407407407377,,
400d_J0302-0423,0.9837746748867827,4.907527425762165,4.827901197777144,0.2628571428571428,0.06814814814814812,,
SPT-CLJ0106-5943,4.695372514473485,4.889073344923514,22.956020604998812,0.00698275862068978,0.0018026706231454327,,
ABELL_S1063,1.28453507144585,4.8798155325705475,6.268294193773078,0.003458213256484249,0.0008908685968819854,78.78451225,19.91261078
MACS_J1532.8+3021,0.46899288544905543,4.86123813172154,2.2798860982510605,0.04927536231884063,0.012639405204460979,13.36477019,0.900828014
MCXC_J2031.8-4037,32.023246405893055,4.8332168894723395,154.7752953846967,0.0058187134502925356,0.001482861400894223,,
MCXC_J0152.5-2853,0.19071889384221552,4.823834916741009,0.9199964593983011,,,,
MCXC_J0520.7-1328,1.4401017962017826,4.814432086095469,6.93327229487758,0.19402647058823527,0.04923059701492537,,
WHL_J125933.4+600409,2.196337259759076,4.719246113723364,10.36505607754384,0.04848484848484836,0.012030075187969893,327.1141556,56.11776264
MACS_J0712.3+5931,1.7158808782997332,4.699953836523901,8.064560916982831,,,,
ABELL_1722,3.2839511526610097,4.699953836523901,15.434418818906199,0.0060975609756097615,0.0015060240963855433,,
MACS_J0712.3+5931,0.17934019190645625,4.699953836523901,0.8428906229936817,,,,
MCXC_J2049.9-3216,4.4461430202337064,4.670854170488536,20.7672856686471,,,,
MACS_J2135-0102,17.770046586787316,4.670854170488536,83.0012962096711,0.04307692307692312,0.010566037735849066,,
MACS_J2229.8-2756,0.8652093266033768,4.661111085091028,4.032836783155143,0.006172839506172844,0.0015105740181268895,7.679497422,1.376340964
MACS_J0308.9+2645,2.7551946935244818,4.661111085091028,12.842268527570939,0.06975308641975311,0.017069486404833842,144.0107058,31.44871198
WHL_J135949.5+623047,0.4853445198146261,4.641559822603615,2.252755623292413,0.01552795031055902,0.0037821482602118034,21.23812114,6.092668
ABELL_0402,1.8562501966755056,4.641559822603615,8.615896333589086,0.11650310559006208,0.02837670196671709,115.2405205,24.78549945
NSCS_J121831+401236,12.407111828058678,4.621921439797941,57.344696164075025,0.05625000000000005,0.013636363636363648,,
MACS_J1427.6-2521,0.930273150690479,4.602195537071099,4.281298942364792,0.0,0.0,9.473921358,4.811190542
MCXC_J2003.5-2323,43.25094505849577,4.592299640255138,198.62129943282488,0.009495268138801301,0.0022854973424449605,217.8881298,91.72455968
MACS_J0242.6-2132,0.06168386106838408,4.562479562333063,0.2814313554502945,0.0,0.0,9.401549373,1.572949282
MACS_J2140.2-2339,0.3752670576972977,4.552495238141714,1.7084014931983995,0.0,0.0,12.92757068,1.100710473
WHL_J114224.8+583205,53.2902630229534,4.532459836641867,241.53597683561748,0.04180064308681676,0.009916094584286814,459.8512792,44.95779117
ABELL_2744,38.38054784327376,4.502239082315209,172.79840250065584,0.02857142857142849,0.00672782874617735,151.7160641,90.74891151
ABELL_1300,8.669443058800553,4.492120584172834,38.944183617752266,0.0022801302931595387,0.0005355776587605038,65.70918963,26.35668255
WHL_J130558.9+263048,12.18056098160097,4.471815906885883,54.46922635231674,0.009836065573770501,0.002298850574712646,,
MACS_J2245.0+2637,1.0028730135180501,4.4616296235821,4.474447945803185,0.0,0.0,38.96842233,6.767550901
MCXC_J1010.5-1239,5.31251025841717,4.430934367000848,23.539384279065196,0.016279069767441912,0.0037663335895465147,22.53130311,50.16576116
PLCKESZ_G292.51+21.98,5.657087511644598,4.420656970605884,25.008043341679187,,,,
ABELL_S0295,17.818402472659653,4.420656970605884,78.76904509582401,0.009333333333333416,0.002153846153846173,165.9385756,21.5886262
MCXC_J2311.5+0338,3.563737885667586,4.420656970605884,15.754062725688689,0.17666666666666664,0.04076923076923076,85.30271484,14.55623954
ZwCl_0806.5+2822,43.56942688601546,4.420656970605884,192.60549066896763,0.020000000000000018,0.004615384615384619,,
ZwCl_0806.5+2822,14.073774374031679,4.420656970605884,62.2153287892976,0.33413333333333334,0.07710769230769231,,
CXOU_J052215-481816,3.6390082799384174,4.379317752625776,15.936373562286501,,,,
CXOU_J052215-481816,3.6390082799384174,4.379317752625776,15.936373562286501,0.0,0.0,,
Bullet_Cluster,90.99236647332206,4.379317752625776,398.4844858500498,0.0057432432432433615,0.0013117283950617553,,
ABELL_2537,2.3341637057651963,4.368925273712677,10.197786807100407,0.04085084745762724,0.009305791505791533,78.80610706,12.79531031
ABELL_S0520,45.6184943604725,4.368925273712677,199.30379296018756,0.006779661016949159,0.001544401544401546,320.1325294,39.83769486
ClG_2153.8+3746,5.105309374479681,4.337608560722814,22.1448336478815,0.005821917808219107,0.0013157894736841945,55.18910806,6.284142828
ABELL_2813,23.06648966044046,4.337608560722814,100.05340301695082,0.029352739726027383,0.006633900928792566,136.338408,22.77972945
ABELL_2813,7.357519725991541,4.337608560722814,31.91404054914788,0.020616438356164283,0.004659442724458181,136.338408,22.77972945
NSCS_J150117+422152,7.9560477536601875,4.337608560722814,34.51022084579595,0.0034246575342465786,0.0007739938080495363,,
BLOX_J1023.6+0411.1,0.7552838485801981,4.3271230511602825,3.268206151360428,0.0034364261168384914,0.0007745933384972896,8.94693467,0.960025551
WHL_J131505.2+514902,12.609382760201795,4.3271230511602825,54.562350802572254,0.03092783505154642,0.006971340046475607,159.8951474,30.27731774
WHL_J091834.3+295318,23.17385234917729,4.306081798909632,99.78850381141154,0.09688581314878902,0.021722265321955026,,
ABELL_0611,0.7628941943571173,4.295525947256937,3.277031806872674,0.0034722222222222255,0.000776397515527951,63.67293577,8.437371355
MCXC_J0437.1+0043,3.8977328456068845,4.263716833141961,16.618829144904392,0.2385964912280701,0.052918287937743176,39.93917798,4.171809587
SPT-CL_J0232-4421,2.024875207968267,4.253066425294274,8.611928762420597,,,,
RBS_0653,4.277216976957744,4.253066425294274,18.191287918397656,0.0010563380281688978,0.00023364485981305837,27.86244943,4.748824114
SPT-CL_J0232-4421,2.024875207968267,4.253066425294274,8.611928762420597,,,,
ABELL_0697,0.399027609497387,4.231694223072055,1.6885628299563447,0.0009929078014184487,0.0002184087363494559,229.6453803,22.63904763
WHL_J092207.6+034558,56.163562423662775,4.210226468023492,236.46131705459467,0.03571428571428574,0.007812500000000007,,
MCXC_J0142.0+2131,3.4570705393283196,4.210226468023492,14.55504988650434,0.01785714285714287,0.0039062500000000035,,
MCXC_J2011.3-5725,0.8355922680077732,4.199456618545714,3.509033480290867,0.014336917562724026,0.003127443315089917,39.44110021,8.622403451
ABELL_1576,1.6027282316295803,4.199456618545714,6.730587680046909,0.07885304659498195,0.0172009382329945,103.8796192,22.10930489
MCXC_J0532.9-3701,1.7878561246148181,4.156136095846091,7.430573373691153,0.01775636363636353,0.0038298039215686045,98.10585443,24.011557
_SBV2004__RS_28,753.8660155688423,4.156136095846091,3133.1697587373365,0.010472727272727451,0.0022588235294118035,,
MCXC_J0303.7-7752,1.9082187282359933,4.14524540126489,7.910034907827788,0.01094890510948906,0.0023547880690737853,187.0740793,34.23908608
ABELL_2631,30.395299642969544,4.134330367467995,125.6642103422181,0.014652014652014664,0.003142183817753341,76.91434718,106.4087099
G139.59+24.18,1.2315906468875644,4.101438658826621,5.051293490993943,0.007407407407407414,0.0015748031496063005,32.80077881,8.951687962
MCXC_J2211.7-0349,3.4313391887543934,4.101438658826621,14.073427200304044,0.2518518518518518,0.05354330708661418,96.78974631,15.1874606
PLCKESZ_G337.09-25.97,1.542141878213614,4.034990320269408,6.222527551074017,0.015151515151515164,0.0031645569620253194,78.31596095,8.850000384
ABELL_S1150,2153.6935453661354,4.001430547752016,8617.855142924396,0.09540229885057473,0.019746233148295007,,
CIZA_J1938.3+5409,6.117294950334443,3.9901938462692526,24.409192666638468,0.0,0.0,82.491668,12.54479756
NSCS_J145715+222009,1.2492632518995093,3.9676449217736707,4.95663299735755,0.0,0.0,12.77931414,1.246583182
NSC_J092017+303027,14.202267199948544,3.9676449217736707,56.349553333548606,0.15891472868217046,0.032591414944356106,128.4870946,76.67303402
ABELL_0068,5.429987121486064,3.9336318364462,21.359570212570443,0.022000000000000016,0.004470119521912354,,
MaxBCG_J016.70077+01.05926,1.5165931483303634,3.9222433152233247,5.948447337952264,0.0,0.0,11.75130698,0.707267751
ABELL_3088,3.7415233543237223,3.9108292805042946,14.632459087779857,0.003557312252964474,0.0007182761372705602,20.39011203,9.298269741
ABELL_3444,0.3547265245705191,3.9108292805042946,1.3872748788619123,0.284505928853755,0.05744612928970472,20.76242033,1.805128244
ABELL_1835,2.372446094610115,3.9108292805042946,9.278231653219299,0.0039525691699604775,0.0007980845969672791,11.29913407,1.210847623
ABELL_2645,14.666252281526273,3.887924428285145,57.021280516738734,0.0,0.0,,
ABELL_2485,3.1353443108519827,3.8418058866855573,12.04538423021722,0.0021093117408906626,0.00041780272654369987,74.81380637,26.48631501
ABELL_2125,1.0093337611606794,3.830211552690433,3.86596183251812,0.02398373983739844,0.00473515248796149,171.2476676,17.88278604
ABELL_2465,22.079915774067747,3.8185912159555047,84.31417242389249,0.005542857142857135,0.0010907630522088336,,
2MFGC_06756,1.3021602825297787,3.7718485994719853,4.91155143794799,0.0007468879668050352,0.00014504431909751286,12.46902944,1.186802241
PLCKESZ_G264.41+19.48,4.422431216293512,3.760097315817868,16.628771745774383,0.9041666666666667,0.175,94.34654772,40.03736969
ABELL_S0821,22.673607541623607,3.7246849484252507,84.4520447367867,0.004008438818565311,0.0007679870654809851,,
ABELL_S0821,15.215363610937478,3.7246849484252507,56.6724358264761,0.0037552742616033838,0.0007194826192400985,,
ABELL_S0780,2.918409123323873,3.712827776258765,10.835550455563867,0.0068220338983050865,0.0013025889967637544,20.93321052,1.310558746
ABELL_1682,0.7054051812105581,3.6890334757858754,2.6022633274785503,0.008547008547008555,0.0016207455429497583,,
SPT-CL_J2023-5535,18.8356908367088,3.665132140609578,69.03529587620673,0.0041250000000000574,0.0007767857142857252,186.1274536,83.93882291
ABELL_0267,20.960214777729487,3.6531411743464974,76.5706236276695,0.005454545454545503,0.001023558082859473,148.3987313,16.48685341
400d_J0720+7108,1.3338483195854265,3.6531411743464974,4.872736216610408,0.002207792207792253,0.00041429731925264856,,
ABELL_2667,3.944548175694101,3.6411232562296076,14.362586097837864,0.01999999999999997,0.003739837398373978,19.09767186,2.169453388
MCXC_J0439.0+0715,2.3236530216385853,3.6411232562296076,8.460707056496453,0.06521739130434775,0.0121951219512195,57.20741694,11.95636792
ZwCl_0857.9+2107,0.7214991435121332,3.6411232562296076,2.6270673107917712,0.026086956521739032,0.004878048780487787,18.93321712,2.343562881
ABELL_0141,0.9956827628896927,3.6411232562296076,3.6254036637846103,,,158.7828692,28.16145174
ABELL_2111,33.33891687078597,3.6290783214640894,120.98954047686277,0.00436681222707424,0.0008136696501220511,189.915292,27.11505477
MCXC_J0220.9-3829,2.000270488132338,3.6290783214640894,7.25913826554546,0.013467248908296958,0.0025093572009764063,18.43114363,3.386269738
MCXC_J1234.2+0947,1.579399049083112,3.6290783214640894,5.731762849968519,0.013100436681222719,0.002441008950366153,194.6084942,65.36794118
ABELL_2390,0.9071226986313624,3.617006305061094,3.2810685204136725,0.008771929824561412,0.0016286644951140079,14.25961229,1.928682982
ABELL_2895,44.390066468299246,3.604907141836598,160.02206763817324,0.013656387665198201,0.0025264873675631553,168.687479,33.93110444
ABELL_2219,1.8287405410554551,3.592780766410823,6.570263842659761,0.00442477876106195,0.0008156606851549762,258.4895274,19.76304851
G113.82+44.35,27.434243173105575,3.592780766410823,98.56522121337113,0.005486725663716898,0.001011419249592185,,
ZwCl_0823.2+0425,1.3313486467258282,3.580627113207244,4.7670630615982725,0.0,0.0,72.06302021,16.33082613
ABELL_1942_AND_CLUMP,1.2858169763991236,3.5684461164521517,4.588368595899701,0.004464285714285718,0.0008169934640522884,67.02281585,74.34499132
ABELL_2261,0.7175159573585184,3.5684461164521517,2.5604170315284525,0.004464285714285718,0.0008169934640522884,41.81764847,9.759130386
MCXC_J1514.9-1523,79.65492880189204,3.556237710173505,283.27186160647415,0.0018206278026906611,0.00033197056418644106,356.1472657,108.5454484
MCXC_J1514.9-1523,129.92412020784687,3.556237710173505,462.0410557442606,0.0036771300448431173,0.0006704824202780173,356.1472657,108.5454484
ABELL_1763,2.6035282056257167,3.556237710173505,9.258765184346533,0.02242152466367715,0.004088307440719545,186.6190173,22.10756188
ABELL_S0592,29.486673222503647,3.544001828200455,104.50082380810233,0.006531531531531562,0.0011865793780687455,30.59350661,7.827312168
ABELL_S0592,2.990180515784187,3.544001828200455,10.597205214588538,0.020045045045045087,0.0036415711947626918,30.59350661,7.827312168
ZwCl_1006.1+1201,11.25432729738054,3.5317384041623896,39.747339929171964,0.18900452488687783,0.03420966420966421,122.6603589,18.25752928
ABELL_3017,2.540652557605116,3.519447371488108,8.941692965727864,0.0013636363636363397,0.00024590163934425796,36.91575937,7.731014124
MCXC_J0510.7-0801,6.706933347222119,3.519447371488108,23.60469893962682,0.013636363636363648,0.0024590163934426253,122.1721219,51.63643834
ABELL_0368,1.9281248936854418,3.519447371488108,6.785934088982016,0.0090909090909091,0.0016393442622950835,,
ABELL_0773,4.89644803172954,3.4824079529121708,17.051429566716095,0.0,0.0,179.0965143,21.3640142
MCXC_J1947.3-7623,0.5422288037046368,3.4824079529121708,1.8882618983190793,0.0021658986175115123,0.00038619556285948904,17.50251407,8.751802564
ZwCl_0735.7+7421,1.2122480380260134,3.470005815943408,4.206507742316252,0.00046296296296291197,8.22368421052541e-05,16.13970535,0.905909003
WHL_J150407.5-024816,0.734703017140718,3.457575734446884,2.5402913240906595,0.009302325581395357,0.0016460905349794251,9.077241287,0.493563217
ZwCl_0949.6+5207,2.393297686741198,3.4451176406314903,8.24519207987464,0.004672897196261686,0.0008237232289950584,4.89507121,8.399460359
ABELL_1423,1.1503995482819118,3.432631466499955,3.948897688479825,0.004694835680751178,0.000824402308326464,36.91511637,6.299036548
Abell_222,11.347963182301571,3.407574604263117,38.6690311501237,0.18933649289099533,0.032989265070189934,148.8488644,21.54529917
MCXC_J0547.0-3904,0.3273088606433751,3.3950037791248624,1.1112148188253115,0.0,0.0,10.80401907,2.398419872
PLCKESZ_G286.58-31.25,26.094522410573347,3.3950037791248624,88.59100219835493,0.0,0.0,149.1273857,62.57103648
MCXC_J0439.0+0520,1.4073877658487528,3.369776996656167,4.742582918732443,0.009615384615384625,0.0016556291390728492,6.154551865,1.596889299
Abell_223,0.6616577941671347,3.357120901033159,2.2212652101299835,0.030971014492753624,0.005311516155758078,101.8081873,21.11475979
ABELL_0209,4.199887299648105,3.3444362432698744,14.046255302591966,0.018543689320388437,0.003167495854063033,86.64448655,24.7236544
ABELL_0963,0.17410086228279514,3.3444362432698744,0.5822692338031171,0.0,0.0,39.10470477,8.50620725
ABELL_2163,47.547107872103204,3.3062101992999047,157.2007329939604,0.008374384236453236,0.0014131338320864564,,
MACS_J1829.0+6913,1.277496922077533,3.3062101992999047,4.2236733533469755,0.10206896551724146,0.01722360764754781,36.35694199,4.091390828
ABELL_2163,185.80405209323854,3.3062101992999047,614.3072521019161,0.014039408866995168,0.002369077306733183,,
ABELL_3399,5.845572960431382,3.3062101992999047,19.326692942529974,0.02300492610837442,0.00388196176226102,59.43485922,16.44119629
ABELL_3322,3.7111224611469766,3.267724574828503,12.12692606648801,0.08010000000000003,0.013350000000000006,104.6131418,17.63720475
ABELL_2507,2.02086968103697,3.2160033125151597,6.49912358837635,0.05643367346938769,0.009248327759197315,198.2272875,27.12143618
NSC_J084254+292723,0.5442128397816913,3.1899669250792773,1.7360209591070632,0.002061855670103152,0.00033500837520938985,22.86283864,2.042529368
ABELL_4023,19.206894690567434,3.1769045402172242,61.01847094593778,0.005652849740932687,0.0009145012573344582,,
CIZA_J2242.8+5301,327.3378857820112,3.163812597967899,1035.635726829304,0.010728125000000003,0.0017280201342281885,,
CIZA_J2242.8+5301,52.00333226363176,3.163812597967899,164.52879775198866,0.04489583333333342,0.007231543624161088,,
ABELL_3343,7.143350472928096,3.150691025581747,22.50649022763968,0.004287958115183175,0.0006876574307304672,163.7573293,19.79404798
MCXC_J0443.1+0210,0.10798243745120956,3.1375397500825395,0.3387991898139715,0.01578947368421054,0.002521008403361347,,
ABELL_0598,1.8173909680816054,3.1243586982674447,5.678181279278456,0.010582010582010592,0.0016820857863751066,8.320260365,2.292714279
MCXC_J0331.1-2100,1.7275076773497313,3.1111477967047474,5.374531704177152,0.010638297872340436,0.0016835016835016852,11.71767166,1.574058023
ABELL_0383,0.18633882201588997,3.0979069717342727,0.5772603358277774,0.010213903743315482,0.0016090985678180244,10.28028318,1.046514239
ABELL_2187,13.623613936357593,3.0580042163162418,41.66106885884623,0.005434782608695657,0.0008445945945945954,91.55583415,19.02087436
ABELL_1689,0.37121735039440695,3.0446429564961264,1.1302242912074856,0.2131147540983607,0.032967032967032975,61.84116258,4.922369313
ABELL_0665,14.534954260312501,3.0312514014971383,44.05910047226907,0.043956043956043994,0.006768189509306267,,
SDSS_+137.3+11.0+0.18,0.2354890228787353,3.0043771055074084,0.7074978289351826,0.022222222222222244,0.0033898305084745796,88.19962308,16.42519073
ABELL_2302,0.836346643377283,2.9908942136990277,2.50142433632372,0.11254189944134077,0.017086513994910936,190.543733,77.38216506
ABELL_2218,11.631068291410255,2.9502616531202803,34.314694764970895,0.02272727272727275,0.0034013605442176904,,
PLCKESZ_G167.65+17.64,1.1641963665664774,2.923019278733593,3.4029684237054147,0.0,0.0,209.9787778,18.21718362
ABELL_3292,5.687476071528966,2.8956529871344556,16.46895707577859,0.13162790697674415,0.019317406143344706,108.1164434,10.1911141
CIZA_J0616.3-2156,7.857334589929603,2.881923179196062,22.644234681417107,0.0,0.0,234.5265244,60.54433466
MCXC_J1750.2+3504,0.9715272207632332,2.881923179196062,2.799866816737491,0.0011695906432747248,0.00017079419299741928,-1.787093439,2.579713567
ABELL_1204,1.422085980799551,2.881923179196062,4.098342550875992,0.0,0.0,14.72713447,1.691171494
400d_J1340+4017,0.952830292353641,2.881923179196062,2.7459837053741185,0.005146198830409309,0.0007514944491887206,,
ABELL_1914,45.01348103576813,2.881923179196062,129.72539437328254,0.0526315789473683,0.007685738684884697,84.49363566,15.89997158
ABELL_0586,3.670230517918209,2.881923179196062,10.577322402581254,0.002923976608187137,0.0004269854824935956,116.1097722,10.28552542
MCXC_J0301.6+0155,0.1312295355919944,2.8681621596432976,0.37638758821252166,0.029411764705882214,0.004273504273504254,12.1807027,1.87025586
ABELL_1201,7.2585526670399645,2.8543698505265396,20.71859389125788,0.0059171597633136145,0.0008554319931565448,63.5996139,8.172751355
ABELL_3411,23.3289688985082,2.8543698505265396,66.58950546777315,0.033550295857988216,0.004850299401197612,194.0207,24.31694917
ABELL_2294,1.095442320031884,2.8543698505265396,3.126797531289854,0.0005917159763314599,8.554319931566872e-05,58.44618794,48.43142189
NSCS_J000619+105206,0.030836002390555364,2.826691050561995,0.08716385199249113,0.016766467065868245,0.0023993144815766896,58.42810639,11.0890715
ABELL_3404,8.271881624743386,2.826691050561995,23.382053759970344,0.02335329341317374,0.003341902313624691,95.05543433,18.87891252
ABELL_2445,3.7169952021503176,2.812804402571618,10.455180468945995,0.012048192771084347,0.0017152658662092641,69.91472572,11.2935264
ABELL_0853,3.9800720283072173,2.812804402571618,11.19516412377469,0.012048192771084347,0.0017152658662092641,,
ABELL_1553,36.06879698019506,2.798886150729823,100.95245634135361,0.030303030303030328,0.004291845493562235,180.395794,25.87509729
ABELL_3739,6.712138436251078,2.798886150729823,18.786511311004475,0.007818181818181731,0.0011072961373390434,81.93557204,38.1486927
ABELL_3739,10.932142581610297,2.798886150729823,30.59782246947283,0.005393939393939405,0.0007639484978540789,81.93557204,38.1486927
SDSS-C4_3072,1.8899008299515452,2.7849362158371234,5.263253265672695,0.024390243902439046,0.0034364261168384914,19.70288545,1.476816274
ABELL_2259,27.596948426027634,2.7849362158371234,76.85574111823365,0.0,0.0,,
WHL_J134850.2+491801,1.6734233842857327,2.7569409788353876,4.613529503078735,0.03703703703703707,0.005163511187607578,,
MCXC_J2014.8-2430,0.8997023568557181,2.7428955170578857,2.4677895613059633,0.020745341614906893,0.002876830318690792,5.103682011,0.800273119
ABELL_1240,143.06866742943535,2.714708505857651,388.3897283924077,0.23103773584905654,0.031695427092320955,196.2710082,92.43678601
MCXC_J0528.2-2942,17.412334489715235,2.700566795225139,47.02317235027843,0.02354430379746836,0.003212435233160623,88.46344223,18.80990161
ABELL_0980,2.088396340032069,2.700566795225139,5.6398538111603145,0.0025316455696203256,0.0003454231433506144,150.123671,21.6608752
NSC_J174715+451155,9.304340168788297,2.6863928399993626,24.99511281035134,0.005987261146496792,0.0008124459809853037,290.6924328,35.20404331
Hercules_A,3.9653192078816533,2.657947870488286,10.539611744395337,0.13548387096774187,0.018181818181818174,0.604461984,2.871350485
ABELL_0545,8.336717885241818,2.6436766929077327,22.039586768560834,0.028376623376623458,0.003786828422876961,146.987437,21.96059218
MCXC_J1000.5+4409,4.125912400080933,2.6436766929077327,10.907578449072968,0.006493506493506499,0.0008665511265164653,16.98456922,5.367232164
3C_444,15.931605489564072,2.6293729441408638,41.89013243098583,0.0,0.0,0.958330637,1.150248939
ABELL_0868,17.794018561174262,2.6293729441408638,46.78711097229195,0.006535947712418307,0.0008673026886383355,192.9424753,14.4587691
ABELL_2104,4.126947462927614,2.6293729441408638,10.85128400091265,0.003921568627450912,0.0005203816131829917,159.1420735,31.84477164
ABELL_2009,1.8613087323048578,2.6293729441408638,4.894074821415523,0.0013071895424836976,0.00017346053772767192,18.81080005,2.581531644
ABELL_0907,0.4829333686938604,2.6293729441408638,1.2698119334664408,0.0,0.0,,
CIZA_J1804.4+1002,6.652332520341435,2.6150365418791686,17.396092629424,0.18157894736842106,0.023958333333333335,26.2681311,48.51267254
ABELL_2204,1.097606525254422,2.6150365418791686,2.8702811721453343,0.003947368421052562,0.0005208333333333242,7.763172551,0.351268608
ABELL_S0579,19.434321181841682,2.6150365418791686,50.82146005713235,0.0075000000000000145,0.0009895833333333352,129.9660214,24.0110376
ABELL_3854,1.59841005970582,2.5718305870405413,4.110839882184726,0.0047651006711410485,0.000617928633594444,103.5131467,18.15432944
ABELL_3364,41.785835872949455,2.5573627423727863,106.86153982038518,0.1486486486486488,0.01916376306620211,205.0187591,17.03683058
ABELL_2409,2.993088835234043,2.5573627423727863,7.654413871839501,0.006756756756756763,0.0008710801393728232,12.42390237,34.87583397
400d_J0245+0936,0.7781680055072341,2.542861828650674,1.9787737174815732,0.018700680272108854,0.002396687009590237,,
ABELL_3402,58.268956455305435,2.528327761950966,147.32302026586066,0.0018493150684932894,0.00023560209424085537,,
WHL_J102339.9+490838,1.7899331751957888,2.499159832556946,4.47332909441043,0.013888888888888902,0.00174825174825175,128.0794815,20.58233134
ABELL_1413,2.8280337024034083,2.484525800644845,7.026322698714434,0.1888111888111887,0.023622047244094474,57.42004265,5.076874405
ABELL_3378,0.368379207483699,2.4551571772717224,0.9044288552112726,0.0014893617021277713,0.000184049079754615,8.527680874,3.136190174
A1882a,23.69807138858814,2.4551571772717224,58.182490057189824,0.014680851063829707,0.0018141980718667735,61.30445118,63.35159838
Abell_2276,1.0085743243318464,2.4551571772717224,2.4762084911953104,0.10638297872340416,0.01314636283961436,24.17276959,11.03472069
3C_089,20.334932097708165,2.4256539044259937,49.32550743904327,0.000841726618705079,0.00010272168568920631,30.85529989,5.532269199
MCXC_J2218.6-3853,1.633590271129068,2.41085155962181,3.938343652934529,0.03072463768115937,0.003725834797891032,132.838358,15.49794134
ABELL_1068,0.9431353133702638,2.41085155962181,2.2737592411731047,0.0,0.0,6.282632456,0.704527625
400d_J0237-5224,26.571265047955062,2.38114502112191,63.27003547384883,0.0022058823529413417,0.0002640845070422733,,
ABELL_0795,8.238400809847947,2.38114502112191,19.61682707037615,0.0,0.0,27.92727248,3.477290162
ABELL_1930,0.5447985597577432,2.3062804898504408,1.2564582892679026,0.0,0.0,-3.706592038,2.732889079
A98ss,1.052024860367458,2.2760935582785247,2.3945070078312356,0.13953488372093026,0.015943312666076175,,
ABELL_1664,0.3353473705909966,2.260948069772163,0.7582029902408841,0.006039062499999968,0.0006852836879432587,14.13075393,0.878750117
ABELL_1033,5.4574515387832285,2.230552600704754,12.17313272305309,0.051619047619047585,0.005776198934280636,122.9451419,16.45085727
ABELL_2627,0.14644119111452822,2.230552600704754,0.3266447796908128,0.0,0.0,,
ABELL_2355,34.91472455760174,2.2000172099451705,76.81299490721909,0.8597580645161291,0.09484875444839858,393.2931414,86.8689383
400d_J0838+1948,1.309173592773802,2.1846968182009427,2.860147382605622,0.0,0.0,,
ABELL_2550,0.6058009844910892,2.1846968182009427,1.3234914832806812,0.011593495934959322,0.001269813000890469,-0.844610628,2.976470219
MCXC_J1215.4-3900,32.80556961378381,2.1230618194632465,69.64825231276805,0.01848739495798314,0.0019660411081322553,275.4463686,63.70049528
MCXC_J0819.6+6336,0.24624345239945838,2.1230618194632465,0.5227900720821055,0.005798319327731061,0.0006166219839142057,6.463592112,14.10010717
MCXC_J1958.2-3011,0.9090280650739955,2.0920309778336827,1.9017148718550114,0.019914529914529903,0.0020859444941808405,,
ABELL_2069,1.7283747130150202,2.076461898499341,3.5889042379054223,0.01724137931034484,0.0017921146953405033,297.6870895,41.57332723
ABELL_2069,29.559614747285842,2.076461898499341,61.37941375705827,0.021551724137931053,0.002240143369175629,297.6870895,41.57332723
ABELL_0122,1.908010921544544,2.0452159579366502,3.9022943846603155,0.011052631578947343,0.0011310592459605,,
ABELL_2034,95.83285403403269,2.0295389098269587,194.4965061018368,0.0176991150442478,0.0017969451931716099,,
ABELL_0562,0.6135152533262722,1.9822903262681362,1.2161653516866144,0.01604545454545457,0.0015900900900900925,122.5373763,34.17694254
ABELL_3653,0.5326663655000823,1.9664680035074853,1.0474713643005353,0.008256880733944936,0.0008115419296663643,174.8214381,44.38246386
MCXC_J1852.1+5711,1.5486498532040083,1.9664680035074853,3.045370384962246,0.0036697247706421795,0.0003606853020739383,9.598311305,7.762803052
MCXC_J0352.9+1941,1.104728471047273,1.9664680035074853,2.1724131908782076,0.009174311926605512,0.000901713255184852,7.106010084,0.38042531
ABELL_2443,42.76899352607375,1.950609124910277,83.42558903518803,0.014183333333333333,0.0013824909747292417,164.2616866,42.6412057
CIZA_J0107.7+5408,94.03117362391885,1.9347135949636822,181.9233899605862,0.09095327102803742,0.008791327913279136,305.4753578,45.98310374
ABELL_1285,21.456641148336526,1.9187813178306627,41.17060217882479,0.012028301886792438,0.001152802893309221,186.2471272,29.13392123
ABELL_0098N,1.1725655557089816,1.8868061370272406,2.212403886578463,0.013461538461538447,0.0012681159420289841,10.59804958,5.927946337
ZwCl_0008.8+5215,53.77871273212931,1.8868061370272406,101.47000522440658,0.002884615384615467,0.00027173913043479036,170.494347,40.7723943
PKS_0745-19,3.0063013659152253,1.8707630400485988,5.624077482601822,0.01553398058252418,0.0014505893019038896,8.581463682,0.314824263
ABELL_1446,8.998177856042824,1.8707630400485988,16.833458560868657,0.0,0.0,157.7421953,17.02003547
MCXC_J1524.2-3154,1.7137386354364483,1.8707630400485988,3.2059988994778275,0.00766990291262135,0.000716228467815049,5.443683405,0.427677232
ABELL_0550,12.463992854398146,1.8062183376075232,22.512692453423067,0.006464646464646481,0.000582347588717017,120.2468801,24.38474436
ABELL_3827,2.1522319623316895,1.7899885934606488,3.852470663055153,0.017346938775510135,0.00154826958105646,133.7258559,15.26395569
ABELL_2426,16.620601121485183,1.7899885934606488,29.750686423917745,0.024285714285714216,0.0021675774134790465,54.81814076,12.5147735
ABELL_2244,3.848157375609798,1.7737212247619594,6.825558413343378,0.020618556701030945,0.0018231540565177774,,
MCXC_J1558.3-1410,1.761884118737135,1.7737212247619594,3.1250912569750766,0.0031958762886596993,0.0002825888787602469,28.46921709,1.712225593
ABELL_3911,116.24574634293128,1.7737212247619594,206.18754757675214,0.0034020618556700718,0.0003008204193254302,338.3805425,36.85063677
ABELL_0013,2.8712781582716125,1.724692378045295,4.952071554818982,0.010638297872340436,0.0009140767824497265,130.0141494,31.30044385
ABELL_2384,9.664648493701309,1.724692378045295,16.668545593573587,0.06460638297872336,0.00555118829981718,25.35912117,2.675275897
ABELL_3921,10.0137060755561,1.7082735161202234,17.10614888708466,0.05815053763440856,0.004947849954254342,75.1187525,14.84667562
MCXC_J1853.9+6822,22.159576267754918,1.7082735161202234,37.85461726665195,0.02150537634408604,0.0018298261665141828,76.43099856,14.61502097
ABELL_3330,0.315813725348475,1.6918165304187782,0.534298881077686,0.0021413043478261166,0.0001804029304029329,,
a1750ss,28.073157341222494,1.675321320061692,47.03155901519645,0.051758241758241674,0.004317140238313467,34.9011651,69.70081612
a1750ss,25.84430452829851,1.675321320061692,43.29751437842543,0.043956043956043994,0.0036663611365719555,34.9011651,69.70081612
ABELL_2142,9.647771922609392,1.675321320061692,16.163117993040096,0.0,0.0,,
NSCS_J135021+094042,3.1735597329932097,1.6587877838211056,5.264262116315706,0.4777777777777779,0.03944954128440368,-6.288573339,1.540898762
ABELL_3695,42.908168430667615,1.6422158201190935,70.46447300917701,0.009101123595505677,0.0007438016528925667,307.1827832,36.6175965
ABELL_3695,19.910179201418707,1.6422158201190935,32.69681126597594,0.002471910112359528,0.00020202020202020018,307.1827832,36.6175965
ABELL_0478,0.978610929178199,1.6256053270260094,1.5908351395579532,0.022693181818181807,0.0018354779411764693,11.57978767,0.910438681
ABELL_0578,4.569137139533444,1.6089562022589965,7.3515415396242645,0.002609195402298908,0.00020883164673413522,16.57594366,48.22814922
ABELL_2556,1.048344525974982,1.6089562022589965,1.6867404271717148,0.014298850574712748,0.001144434222631103,12.04112375,1.362859677
ABELL_3126,20.12669714337737,1.5922683431802342,32.04710271417584,0.17379069767441846,0.013762430939226506,158.2219142,13.32203218
ABELL_1651,4.229624239532459,1.5755416467954004,6.663949139678714,0.002070588235294066,0.00016221198156681624,,
ABELL_2597,1.9620032284598976,1.5755416467954004,3.0912177975855992,0.030588235294117704,0.0023963133640553043,9.501068707,0.287791104
ABELL_1650,1.9708630901646014,1.558776009751943,3.072134103454161,0.11904761904761915,0.009225092250922516,,
ABELL_1750N,7.679259740186329,1.558776009751943,11.970245855656389,0.0,0.0,93.06013847,22.13130404
ZwCl_0040.8+2404,1.323429936157871,1.541971328337498,2.0406910166189625,0.07228915662650609,0.005540166204986155,9.047609293,1.164558733
ABELL_2249,45.79022217613537,1.5251274984782621,69.83592700225319,0.06097560975609744,0.004621072088724575,,
SDSS-C4-DR3_3144,0.27060899561474316,1.5082444157372734,0.4081445064842087,0.0,0.0,3.097459609,0.714221292
ABELL_2255,93.37051642000871,1.5082444157372734,140.82555998498353,0.0933333333333333,0.006993524514338573,,
2MASX_J13312961+1107566,0.6335285868177404,1.4743600720363947,0.9340492528977191,0.01696202531645562,0.0012418906394809953,4.504181776,1.405580181
MCXC_J2344.2-0422,5.9977219927068495,1.4743600720363947,8.84280182922154,0.27848101265822783,0.020389249304911955,108.5706686,13.25112291
ABELL_2061,99.77065557667981,1.4573586003717096,145.401622969398,0.025641025641025664,0.0018552875695732854,224.7373171,24.17815544
NSC_J121733+033929,1.281146419558455,1.4403174544123152,1.8452575497478858,0.0,0.0,,
ZwCl_1742.1+3306,2.179629848208211,1.4232365278802062,3.102128817227915,0.005263157894736811,0.0003717472118959085,12.33495451,1.208654361
ABELL_2670,0.7804316822745165,1.4232365278802062,1.110738877728091,0.026315789473684233,0.0018587360594795553,30.01158173,4.629456901
ABELL_1190,82.1246726276758,1.4061157141240441,115.4767926990677,0.040000000000000036,0.0027906976744186073,213.6119844,19.43703995
ABELL_0401,17.764013940783823,1.3889549061174562,24.673414315390577,0.03487837837837838,0.00240316573556797,154.5969414,14.17117746
ABELL_3074,0.36772094000470273,1.3717539964571528,0.5044226690324319,0.005205479452054677,0.00035414725069896687,,
ABELL_1569,16.901041194185858,1.3717539964571528,23.18407080241142,0.06849315068493138,0.004659832246039134,136.4489512,21.46262746
ABELL_0744,0.7921237263083587,1.3717539964571528,1.086598887252023,0.0,0.0,,
ABELL_1775,13.512314749585794,1.354512877361443,18.30260433127492,0.04722222222222223,0.0031716417910447763,56.89448717,3.877474144
ABELL_0399,20.389515268864173,1.354512877361443,27.617860994834288,0.009597222222222184,0.0006445895522388033,,
SDSS_CE_J170.688583+01.106133,60.82415470037746,1.354512877361443,82.38710079628582,0.15277777777777793,0.010261194029850755,,
_EAD2007__188,0.7283451507101079,1.354512877361443,0.9865528858006021,0.0,0.0,,
ABELL_0514,784.5302033504396,1.3372314406681378,1049.0984540739755,0.002816901408450785,0.0001867413632119568,,
ABELL_0514,76.5365655294786,1.3372314406681378,102.347101786776,0.13661971830985917,0.009056956115779646,,
ABELL_1767,3.4860496890979418,1.319909577833049,4.601270373442296,0.21428571428571436,0.014018691588785052,136.5656039,62.65466986
ABELL_0644,15.256607211761178,1.319909577833049,20.137341984040347,0.22857142857142837,0.01495327102803737,70.2403013,6.441265488
MCXC_J0340.8-4542,44.33720719095524,1.319909577833049,58.521104425710156,0.03757142857142867,0.0024579439252336516,189.4193888,55.69196301
MCXC_J1053.7+5452,46.3474725280494,1.319909577833049,61.17447289812652,0.028571428571428397,0.0018691588785046615,63.30019963,12.56008447
ABELL_3120,0.7418027134377122,1.302547179928106,0.9662330324513091,0.00869565217391289,0.0005612722170252474,17.50434053,5.899682648
400d_J1206-0744,0.5269687004175329,1.285144137639556,0.6772307360611278,0.03970588235294129,0.0025280898876404567,,
ABELL_3094,17.83540882854273,1.285144137639556,22.92107109840647,0.00889705882352933,0.0005664794007490584,31.06338224,66.81775373
400d_J0340-2840,0.8939242936221159,1.285144137639556,1.1488215654420435,0.005882352941176639,0.0003745318352060032,,
400d_J0340-2840,22.236543557042676,1.285144137639556,28.577163593700035,0.0025000000000000512,0.00015917602996255007,,
ABELL_1750C,0.7609853824391626,1.285144137639556,0.9779759030710854,0.2941176470588234,0.018726591760299616,159.8676236,10.7612668
ABELL_2092,28.78856220745202,1.2677003412660899,36.495270134946985,0.008208955223880729,0.0005154639175257814,79.49815599,62.07551059
ABELL_2124,1.2696142838072573,1.2502156807171898,1.5872916860783575,0.0,0.0,91.07289809,24.55535425
SDSS-C4_3062,0.9589355158527179,1.215123324773502,1.1652249122663478,0.015625000000000014,0.0009398496240601512,46.65076502,12.1935842
ABELL_1668,4.5134819312257095,1.197515407234667,5.404964152918066,0.015873015873015886,0.000940733772342428,6.156200485,1.316652675
ABELL_3809,1.000892129462367,1.1798661812286364,1.180918774610561,0.007419354838709711,0.00043314500941619776,10.27662856,3.843984838
ABELL_1831,9.321404229042972,1.1621755346907867,10.833107943956977,0.06557377049180334,0.0037700282752120675,77.35375075,12.84774325
MZ_10451,7.613034575320241,1.1621755346907867,8.847682528192248,0.003278688524590144,0.00018850141376060208,11.59111244,10.74617803
ABELL_3128,2.1820839453967067,1.1444433551561777,2.4972714717022364,0.0736666666666668,0.004169811320754724,12.12847441,60.72555295
ABELL_3158,15.59660341059846,1.1444433551561777,17.849429136265584,0.04199999999999991,0.0023773584905660322,,
MCXC_J1130.0+3637,1.1128069318757035,1.1444433551561777,1.273544498756882,0.06666666666666674,0.0037735849056603804,21.31577212,2.683327209
ABELL_2457,10.181829713703161,1.126669529757497,11.47155729560885,0.03784745762711863,0.002108593012275731,24.0492158,17.81575478
NSC_J125947+312215,0.993093413708855,1.126669529757497,1.1188880894286228,0.11864406779661016,0.0066100094428706326,,
ABELL_1991,7.799805832502388,1.126669529757497,8.787803569505247,0.0,0.0,0.392457618,0.244423278
ABELL_0970,34.79958820007646,1.126669529757497,39.20763567313468,0.0016949152542372191,9.442870632671948e-05,102.1118111,18.12222709
ABELL_S1101,8.292117936837474,1.1088539452232673,9.194747688518854,0.029310344827586206,0.0016068052930056712,11.52628718,0.499068999
ABELL_2256,217.46483167014264,1.1088539452232673,241.1367365447514,0.01910344827586203,0.001047258979206047,111.0923316,33.40849985
ABELL_3880,5.837748134692348,1.1088539452232673,6.47321005037338,0.002086206896551657,0.00011436672967863526,0.852947986,0.949832236
ABELL_2415,1.7025629607079418,1.1088539452232673,1.8878936559720079,0.01724137931034484,0.0009451795841209838,2.830438898,0.78099615
ESO_351-_G_021,3.423425955080471,1.0909964878759246,3.7349456934960767,0.0012280701754386074,6.622516556291449e-05,3.731300186,0.864847467
ABELL_2665,2.6998550698842743,1.0730970436298637,2.8972064937219137,0.24999999999999997,0.013257575757575756,,
ABELL_3667,141.7739932076501,1.0730970436298637,152.1372529747297,0.03749999999999996,0.0019886363636363613,,
ABELL_2319,27.493919561001693,1.0730970436298637,29.503643798708197,0.03821428571428577,0.002026515151515154,,
Hydra_A,3.7660814608059736,1.055155497989591,3.9738015592460934,0.03363636363636359,0.0017535545023696659,15.71093906,0.626827829
ABELL_2626,3.517888538236017,1.055155497989591,3.711919432434299,0.0363636363636364,0.0018957345971564,13.52763109,2.256718616
ABELL_3532,1.3406196656961544,1.055155497989591,1.4145622109722649,0.01350909090909092,0.0007042654028436025,150.769862,20.30490747
ABELL_0085,2.7334388317798193,1.055155497989591,2.884203011770721,0.0054545454545454845,0.0002843601895734613,,
MCXC_J1252.5-3116,5.317230933404118,1.01914564248262,5.419032735852601,0.023773584905660457,0.0011965811965812007,,
ABELL_3528B,0.5846922697696763,1.01914564248262,0.5958865789290381,0.03264150943396231,0.0016429249762583119,15.26070757,2.68324422
ABELL_3391,14.585557596239813,0.9829659971174837,14.337107166102356,0.08431372549019618,0.00409134157944815,203.1511794,29.56902403
WBL_671,0.11998913041254099,0.9829659971174837,0.11794523521922314,0.005882352941176367,0.00028544243577544693,-10.88920697,12.28536719
SDSS-C4-DR3_3018,,0.9829659971174837,,,,130.9021778,37.89210241
ABELL_3395_SW,54.40361816849999,0.9829659971174837,53.47690677979844,0.018431372549019675,0.000894386298763086,190.1176023,25.74089857
SSGC_081,0.24118737399219395,0.964812212587706,0.23270052394962717,0.002799999999999886,0.0001333333333333279,44.51237147,20.29010525
ABELL_3562,33.1364839900535,0.9466156309716947,31.36751370042795,0.003061224489796006,0.00014299332697807846,70.59170171,12.78581314
ABELL_0193,6.886949510524223,0.9466156309716947,6.519294056375092,0.031897959183673504,0.0014899904671115368,134.9381158,9.008462636
MCXC_J1022.0+3830,19.118225921064642,0.9466156309716947,18.097611493328014,0.08163265306122441,0.0038131553860819797,38.80329833,9.493557565
IC_1365,2.3746938418940275,0.9466156309716947,2.2479223095091125,0.011346938775510223,0.0005300285986653965,160.8333657,19.73192128
ABELL_0376,1.007696396507248,0.9283761348492179,0.9355212856908839,0.012020833333333357,0.0005505725190839705,61.9354365,16.64442709
SC_1329-313,51.209861117147184,0.9283761348492179,47.54201293010235,0.041666666666666706,0.0019083969465648872,167.3303561,16.56714074
ABELL_1644,11.084644405120354,0.9100936063741272,10.088064002030775,0.010127659574468026,0.00045463228271250933,21.22217558,1.461355949
ABELL_1736,121.45215791603042,0.8917679272724488,108.30713912754457,0.015434782608695703,0.0006787762906309773,139.6314103,39.36787729
ABELL_3376,20.619387729152745,0.8917679272724488,18.38770865685351,0.0019565217391304306,8.604206500956003e-05,,
NSCS_J011502+002441,133.7934629559415,0.8733989788402522,116.85507392122041,0.005111111111111134,0.0002200956937799053,,
ABELL_0160,41.971143332072394,0.8733989788402522,36.65755372698989,0.015333333333333404,0.000660287081339716,,
MKW_03s,2.648691545261833,0.8733989788402522,2.3133644908944944,0.022222222222222244,0.0009569377990430631,18.04446962,1.755046436
UGC_00842,0.23189261246110562,0.8733989788402522,0.202534770924128,0.0,0.0,-22.63176688,19.26984379
ABELL_0119,56.21514136377318,0.8549866419417181,48.06319494089141,0.012045454545454607,0.0005076628352490447,,
ABELL_2107,0.2983005213047204,0.7994881025660167,0.23848771777236455,0.024390243902439046,0.0009606147934678204,10.15509819,3.137568314
ABELL_0548A,17.42843352371973,0.7809010117310449,13.609881371559995,0.009824999999999938,0.000377884615384613,23.65768001,10.14199693
ABELL_2657,3.9936155230165813,0.7809010117310449,3.1186184023884542,0.002499999999999898,9.615384615384224e-05,,
MCXC_J0425.8-0833,2.830110695349067,0.7809010117310449,2.2100363053089374,0.4,0.015384615384615384,6.655858271,1.319544172
ABELL_S0463,273.2317682838053,0.7622699301977693,208.27636093750937,0.03489743589743593,0.0013099133782483168,117.4694868,23.5729668
ABELL_2151,1.0153355813709726,0.7248753075029694,0.7359916917649899,0.05405405405405392,0.0019286403085824444,6.425500173,3.10171765
NGC_5098_GROUP,1.4764314984457367,0.7248753075029694,1.0702287364429233,0.027027027027027053,0.0009643201542912256,4.79794339,0.943555701
ESO3060170-A,0.37595537754841585,0.7061115214556418,0.26546642364014217,0.006111111111111055,0.00021235521235521038,2.005363378,1.514701351
ABELL_2147,9.426108568634735,0.6873032549342657,6.478595100586426,0.0,0.0,163.0075039,18.55578496
NGC_6269,0.3026589094600135,0.6873032549342657,0.2080184536067225,0.005714285714285877,0.00019323671497585096,1.305026813,1.931679306
ABELL_1142,25.672765278435957,0.6873032549342657,17.644975139032432,0.05714285714285699,0.0019323671497584493,,
NGC_3551,0.5748168504764148,0.6306103345295663,0.3624854463721636,0.0,0.0,-21.01900584,22.50955701
ESO_552-_G_020,11.983357719621585,0.6116229058296361,7.3292960700709555,0.0070967741935484335,0.00021338506304558822,-6.756358797,7.225527285
UGC_02748,0.7277437464776024,0.5925903742205986,0.4312539390618628,0.0066666666666667426,0.00019417475728155558,5.953177375,1.2074622
III_Zw_054,54.424065408807536,0.5735126138312708,31.212888007929262,0.0023793103448276924,6.705539358600884e-05,,
UGCl_120,0.5172560320420262,0.5735126138312708,0.296652858956414,0.06896551724137925,0.0019436345966958198,-2.57587068,2.073912524
NGC_4104_GROUP,1.3988258431828644,0.554389498323754,0.7754943574444503,0.0,0.0,0.020932278,0.395778231
ABELL_0539,26.823776876563386,0.554389498323754,14.870820205746288,0.03503571428571426,0.0009542801556420225,,
ABELL_4038,1.0526553690076512,0.554389498323754,0.5835810819319579,0.02678571428571431,0.0007295719844357983,,
NGC_6338,0.7692496559979967,0.5352209008913499,0.41171849389360876,0.0,0.0,,
UGC_05088_GROUP,0.5583169592155961,0.5352209008913499,0.2988229058942904,0.0,0.0,3.27476934,3.276974168
WBL_518,52.61547119263538,0.5352209008913499,28.160899892545178,0.014814814814814854,0.0003894839337877323,89.36252494,48.07494686
ABELL_2734_NED01,0.7405755512113649,0.5160066942560162,0.3821419420274034,1.379961538461539,0.03496978557504874,25.69182371,17.05060968
HCG_051,1.4931416231459502,0.5160066942560162,0.7704710730156041,0.038461538461538367,0.000974658869395709,-7.020146224,2.692326978
NGC_4325_GROUP,0.788392762373154,0.49674675066622653,0.39163154295763475,0.0,0.0,3.283555985,0.200836857
NGC_1132,0.7338098841027814,0.4580891392358214,0.33615033817138096,0.004347826086956496,9.775171065493588e-05,-1.647523644,0.843255979
WBL_154,8.335915875095232,0.4386912135035799,3.6568930509092836,0.08045454545454549,0.0017318982387475544,,
WEIN_051,1.9980522533193048,0.4386912135035799,0.8765279676522081,0.013636363636363712,0.0002935420743639938,84.17726746,55.15332084
HCG_037,0.6878519972086328,0.4386912135035799,0.3017546273663162,0.0454545454545455,0.000978473581213308,,
HCG_097,0.4284018002745211,0.4386912135035799,0.18793610562954796,0.7727272727272727,0.016634050880626222,-2.964822349,2.537101939
WBL_088,1.6215965359007685,0.341005183294369,0.5529728239543554,0.018823529411764548,0.0003146509341199581,,
CGCG_514-050,0.5292258203677891,0.341005183294369,0.18046874787863074,0.01800000000000004,0.0003008849557522131,0.931888027,2.216971357
NGC_3402_GROUP,0.48165213208842544,0.3016033336872582,0.14526788871544474,0.09799999999999995,0.0014482758620689648,1.665973716,0.118794875
NGC_5044,0.8315109417920127,0.18226131031192272,0.15155227378971314,0.006666666666666588,5.946481665014796e-05,1.304865131,0.142564759
