,Name , K0 , err_minus , err_plus , K100 , err_minus .1, err_plus .1, alpha , err_minus .2, err_plus,Name,z,c500,err.7,c,err.8,K_fit_range,RA,DEC,
151,_HB89__1821+643,-27.37057355,7.264110886,7.264110886,182.0361927,12.22293819,12.22293819,0.975988247,0.051164307,0.051164307,_HB89__1821+643,0.297,9.802,0.145,13.281,0.158,0,18:21:57.015      ,64:20:37.80       ,
319,1RXS_J111039.6+284316,64.27205721,9.24583912,9.24583912,84.5374808,44.6147753,44.6147753,1.463756454,0.39748057,0.39748057,1RXS_J111039.6+284316,0.022,-,-,-,-,0,11:10:40.556      ,28:42:49.63    ,
94,2MASSi_J0913454+405628,23.53436616,2.754219873,2.754219873,96.23217487,5.776473757,5.776473757,1.16217727,0.045663673,0.045663673,2MASSi_J0913454+405628,0.4422,14.228,0.361,23.2,0.514,0,9:13:45.729       ,40:56:29.64   ,
240,2MASX_J13312961+1107566,4.504181776,1.405580181,1.405580181,130.1278693,37.76617429,37.76617429,1.462251307,0.28513671,0.28513671,2MASX_J13312961+1107566,0.079,6.713,1.993,-,-,0,13:31:29.686      ,11:07:54.95  ,
52,2MFGC_06756,12.46902944,1.186802241,1.186802241,95.62525224,3.372548196,3.372548196,1.176878546,0.034450266,0.034450266,2MFGC_06756,0.2411,5.755,0.15,18.765,0.269,0,8:34:54.924       ,55:34:21.14       ,
84,3C_089,30.85529989,5.532269199,5.532269199,214.2967768,11.18197454,11.18197454,1.347145412,0.07673027,0.07673027,3C_089,0.1386,5.43,0.328,-,-,18,3:34:14.997       ,-1:11:17.39       ,
67,3C_444,0.958330637,1.150248939,1.150248939,151.8677249,3.52493297,3.52493297,1.019097948,0.039353312,0.039353312,3C_444,0.153,3.516,0.116,11.596,0.222,0,22:14:26.966      ,-17:01:32.33      ,
276,a1750ss,34.9011651,69.70081612,69.70081612,186.1904372,91.10164655,91.10164655,0.579696894,0.360851424,0.360851424,a1750ss,0.0914,-,-,0.308,0.028,0,13:30:10.187      ,-2:06:15.72       ,
237,A1882a,61.30445118,63.35159838,63.35159838,189.6569586,97.28143655,97.28143655,0.529485311,0.356491924,0.356491924,A1882a,0.1405,-,-,-,-,0,14:15:08.352      ,-0:29:35.06       ,
135,ABELL_0013,130.0141494,31.30044385,31.30044385,156.9892821,51.94984303,51.94984303,0.782595781,0.219033823,0.219033823,ABELL_0013,0.0943,2.067,0.153,5.96,0.185,0,0:13:37.884       ,-19:30:09.11      ,
107,ABELL_0098N,10.59804958,5.927946337,5.927946337,179.603012,13.00642367,13.00642367,0.981790802,0.096817675,0.096817675,ABELL_0098N,0.1043,25.033,1.348,-,-,0,0:46:24.685       ,20:37:19.62       ,
1,ABELL_0141,158.7828692,28.16145174,28.16145174,61.33985631,34.69434152,34.69434152,1.395779147,0.285497168,0.285497168,ABELL_0141,0.23,8,0.607,7.657,0.585,9,1:05:34.385       ,-24:37:58.76      ,
164,ABELL_0193,134.9381158,9.008462636,9.008462636,43.89636156,16.1177522,16.1177522,1.558925862,0.292510921,0.292510921,ABELL_0193,0.0486,1.716,0.134,3.867,0.124,0,1:25:07.661       ,8:41:57.08        ,
178,ABELL_0209,86.64448655,24.7236544,24.7236544,165.6137223,30.61696515,30.61696515,0.81233596,0.083066092,0.083066092,ABELL_0209,0.206,3.897,0.199,4.963,0.213,0,1:31:52.565       ,-13:36:38.81      ,
247,ABELL_0262,3.562278379,0.137773791,0.137773791,484.1879031,26.60942718,26.60942718,1.459317005,0.026312422,0.026312422,ABELL_0262,0.0174,1.694,0.092,5.66,0.052,30,1:52:46.298       ,36:09:11.81       ,
147,ABELL_0267,148.3987313,16.48685341,16.48685341,54.92978624,15.01958328,15.01958328,1.745325439,0.147968437,0.147968437,ABELL_0267,0.231,5.321,0.306,8.277,0.392,0,1:52:42.269       ,1:00:45.32        ,
74,ABELL_0370,256.6987849,27.69287741,27.69287741,42.27983287,25.61404957,25.61404957,1.61437394,0.235666004,0.235666004,ABELL_0370,0.375,2.344,0.149,4.682,0.202,9,2:39:53.170       ,-1:34:36.95       ,
270,ABELL_0376,61.9354365,16.64442709,16.64442709,178.4937574,32.28772136,32.28772136,0.869336298,0.156872363,0.156872363,ABELL_0376,0.0484,4.866,0.458,-,-,0,2:46:03.946       ,36:54:19.75       ,
126,ABELL_0383,10.28028318,1.046514239,1.046514239,117.5853178,3.731703589,3.731703589,1.253326308,0.041334146,0.041334146,ABELL_0383,0.1871,6.606,0.195,16.587,0.303,13,2:48:03.365       ,-3:31:44.69       ,
251,ABELL_0400,86.2008004,20.89855289,20.89855289,104.4408632,45.91919677,45.91919677,0.939055272,0.587580084,0.587580084,ABELL_0400,0.0244,1.372,0.25,22.633,0.906,20,2:57:41.604       ,6:01:27.62        ,
4,ABELL_0401,154.5969414,14.17117746,14.17117746,115.7066581,17.37923886,17.37923886,0.93961686,0.097842407,0.097842407,ABELL_0401,0.0737,1.149,0.055,5.424,0.035,2,2:58:56.921       ,13:34:14.52       ,
102,ABELL_0402,115.2405205,24.78549945,24.78549945,87.15336628,30.74499896,30.74499896,1.201735443,0.191550519,0.191550519,ABELL_0402,0.3224,13.404,0.642,10.941,0.56,0,2:57:41.023       ,-22:09:11.12      ,
185,ABELL_0478,11.57978767,0.910438681,0.910438681,216.320721,33.58485389,33.58485389,1.549214977,0.129679373,0.129679373,ABELL_0478,0.0881,3.749,0.053,8.783,0.056,41,4:13:25.344       ,10:27:55.15       ,
186,ABELL_0496,4.568647494,0.329804919,0.329804919,146.2622504,1.604872638,1.604872638,0.983605128,0.014031227,0.014031227,ABELL_0496,0.0329,2.073,0.057,6.7,0.042,0,4:33:38.038       ,-13:15:39.64      ,
197,ABELL_0545,146.987437,21.96059218,21.96059218,114.0489179,28.33774231,28.33774231,0.893623998,0.124579761,0.124579761,ABELL_0545,0.154,2.433,0.132,4.258,0.11,2,5:32:25.302       ,-11:32:32.72      ,
98,ABELL_0548A,23.65768001,10.14199693,10.14199693,170.6528077,20.1119596,20.1119596,0.919525298,0.172796696,0.172796696,ABELL_0548A,0.0395,6.426,0.918,-,-,0,5:48:38.315       ,-25:28:40.37      ,
37,ABELL_0550,120.2468801,24.38474436,24.38474436,102.0038113,32.61469902,32.61469902,1.013810598,0.180704792,0.180704792,ABELL_0550,0.099,2.098,0.258,7.009,0.351,0,5:52:51.539       ,-21:03:13.04      ,
26,ABELL_0562,122.5373763,34.17694254,34.17694254,82.46872891,77.21965622,77.21965622,0.760617603,0.497689629,0.497689629,ABELL_0562,0.11,4.05,0.425,-,-,0,6:53:21.523       ,69:19:51.20       ,
89,ABELL_0576,63.84211882,7.638114159,7.638114159,204.1508211,14.40054717,14.40054717,1.295015572,0.199876129,0.199876129,ABELL_0576,0.0389,1.854,0.115,3.935,0.096,18,7:21:30.394       ,55:45:41.94       ,
101,ABELL_0578,16.57594366,48.22814922,48.22814922,216.2525488,74.41013709,74.41013709,0.643894573,0.368596826,0.368596826,ABELL_0578,0.0866,-,-,-,-,0,7:24:53.510       ,66:59:07.42       ,
22,ABELL_0586,116.1097722,10.28552542,10.28552542,67.37858499,10.67643356,10.67643356,1.443111748,0.091627912,0.091627912,ABELL_0586,0.171,3.421,0.186,10.512,0.313,0,7:32:20.340       ,31:37:58.58       ,
88,ABELL_0598,8.320260365,2.292714279,2.292714279,144.9031954,7.307025873,7.307025873,1.133560778,0.082005878,0.082005878,ABELL_0598,0.1894,10.003,0.464,22.98,0.854,5,7:51:24.101       ,17:30:53.00       ,
62,ABELL_0611,63.67293577,8.437371355,8.437371355,112.9990517,14.63139479,14.63139479,1.240808724,0.111098075,0.111098075,ABELL_0611,0.288,8.593,0.269,11.491,0.32,0,8:00:56.832       ,36:03:24.08       ,
175,ABELL_0644,70.2403013,6.441265488,6.441265488,114.3653315,8.615454285,8.615454285,1.049215964,0.04729527,0.04729527,ABELL_0644,0.0704,1.666,0.064,8.213,0.09,0,8:17:25.224       ,-7:30:40.03       ,
256,ABELL_0697,229.6453803,22.63904763,22.63904763,54.66323612,16.88952239,16.88952239,1.619576098,0.148221881,0.148221881,ABELL_0697,0.282,9.933,0.314,4.409,0.213,0,8:42:57.550       ,36:21:57.64       ,
206,ABELL_0773,179.0965143,21.3640142,21.3640142,64.05340217,17.28761561,17.28761561,1.388091868,0.130439798,0.130439798,ABELL_0773,0.217,3.256,0.166,5.807,0.21,0,9:17:52.567       ,51:43:38.17       ,
192,ABELL_0795,27.92727248,3.477290162,3.477290162,115.7447069,6.808909559,6.808909559,1.085365378,0.058968914,0.058968914,ABELL_0795,0.1359,5.233,0.196,19.906,0.435,0,9:24:05.777       ,14:10:25.07       ,
260,ABELL_0868,192.9424753,14.4587691,14.4587691,14.98871985,6.528864993,6.528864993,1.866407849,0.09882432,0.09882432,ABELL_0868,0.153,1.53,0.31,6.698,0.397,0,9:45:26.138       ,-8:39:24.44       ,
80,ABELL_0963,39.10470477,8.50620725,8.50620725,149.6207002,13.21472406,13.21472406,0.82617623,0.057460971,0.057460971,ABELL_0963,0.206,3.594,0.131,9.899,0.19,0,10:17:03.744      ,39:02:49.16       ,
54,ABELL_0970,102.1118111,18.12222709,18.12222709,122.2513323,26.2436469,26.2436469,1.013760806,0.144567927,0.144567927,ABELL_0970,0.0587,2.201,0.295,-,-,0,10:17:23.421      ,-10:41:09.23      ,
9,ABELL_0980,150.123671,21.6608752,21.6608752,62.49303507,23.77974623,23.77974623,1.464780804,0.227339323,0.227339323,ABELL_0980,0.1582,3.45,0.274,7.588,0.4,0,10:22:28.375      ,50:06:21.85       ,
321,ABELL_1033,122.9451419,16.45085727,16.45085727,116.3440578,22.44928037,22.44928037,1.043566929,0.125610442,0.125610442,ABELL_1033,0.1259,1.714,0.121,13.636,0.273,9,10:31:44.799      ,35:02:22.41       ,
296,ABELL_1068,6.282632456,0.704527625,0.704527625,109.2843424,3.041903435,3.041903435,1.157298255,0.031251835,0.031251835,ABELL_1068,0.1375,7.72,0.161,16.599,0.231,0,10:40:44.520      ,39:57:10.30       ,
66,ABELL_1190,213.6119844,19.43703995,19.43703995,25.93459324,18.42639748,18.42639748,1.686193784,0.226922982,0.226922982,ABELL_1190,0.0751,1.67,0.371,106.591,5.921,0,11:11:39.815      ,40:50:24.70       ,
224,ABELL_1201,63.5996139,8.172751355,8.172751355,176.6036561,19.44006625,19.44006625,1.575475818,0.258574805,0.258574805,ABELL_1201,0.1688,2.99,0.196,10.184,0.248,34,11:12:54.490      ,13:26:08.77       ,
119,ABELL_1204,14.72713447,1.691171494,1.691171494,82.19556882,4.881769746,4.881769746,1.440177467,0.137729157,0.137729157,ABELL_1204,0.1706,8.195,0.252,17.555,0.372,15,11:13:20.419      ,17:35:38.44       ,
328,ABELL_1240,196.2710082,92.43678601,92.43678601,117.6236113,160.9640023,160.9640023,0.671885222,0.70849025,0.70849025,ABELL_1240,0.159,-,-,-,-,18,11:23:38.357      ,43:05:48.34       ,
337,ABELL_1285,186.2471272,29.13392123,29.13392123,77.42592927,35.9642248,35.9642248,0.997447546,0.213635774,0.213635774,ABELL_1285,0.1061,1.562,0.215,6.449,0.242,0,11:30:22.360      ,-14:34:50.57      ,
19,ABELL_1300,65.70918963,26.35668255,26.35668255,203.5262222,36.79121035,36.79121035,0.928850858,0.082894384,0.082894384,ABELL_1300,0.3072,28.578,0.932,6.16,0.307,0,11:31:54.581      ,-19:55:44.54      ,
289,ABELL_1361,18.04837292,3.004581161,3.004581161,134.8796525,8.970401156,8.970401156,1.463683081,0.143513625,0.143513625,ABELL_1361,0.1171,14.814,0.559,15.72,0.73,0,11:43:39.636      ,46:21:20.41       ,
269,ABELL_1413,57.42004265,5.076874405,5.076874405,129.717591,8.111535804,8.111535804,1.046582085,0.044481585,0.044481585,ABELL_1413,0.1427,2.425,0.077,7.558,0.08,0,11:55:17.892      ,23:24:21.85       ,
100,ABELL_1423,36.91511637,6.299036548,6.299036548,359.4245708,31.0058361,31.0058361,1.208508321,0.143137618,0.143137618,ABELL_1423,0.0761,4.974,0.302,10.635,0.4,25,11:57:17.263      ,33:36:37.44       ,
314,ABELL_1446,157.7421953,17.02003547,17.02003547,62.9128684,31.08188766,31.08188766,1.461963485,0.361704823,0.361704823,ABELL_1446,0.1035,1.391,0.201,53.984,1.613,14,12:02:03.744      ,58:02:17.92       ,
91,ABELL_1553,180.395794,25.87509729,25.87509729,57.808427,22.36465325,22.36465325,1.442840194,0.191592867,0.191592867,ABELL_1553,0.1652,3.5,0.248,5.042,0.285,0,12:30:47.275      ,10:33:14.28       ,
268,ABELL_1569,136.4489512,21.46262746,21.46262746,44.1103043,65.74721013,65.74721013,0.904228812,0.672040488,0.672040488,ABELL_1569,0.0735,1.725,0.405,-,-,0,12:36:26.016      ,16:32:17.81       ,
45,ABELL_1576,103.8796192,22.10930489,22.10930489,127.1835826,31.72238107,31.72238107,1.025784933,0.134848124,0.134848124,ABELL_1576,0.279,6.282,0.314,9.463,0.405,0,12:36:58.274      ,63:11:13.88       ,
154,ABELL_1644,21.22217558,1.461355949,1.461355949,616.0933347,78.78730038,78.78730038,1.8151741,0.107326818,0.107326818,ABELL_1644,0.0473,3.01,0.18,4.459,0.083,44,12:57:11.664      ,-17:24:32.87      ,
272,ABELL_1664,14.13075393,0.878750117,0.878750117,107.4460986,4.538784854,4.538784854,1.689722493,0.081431031,0.081431031,ABELL_1664,0.1283,4.774,0.151,16.25,0.271,0,13:03:42.622      ,-24:14:41.60      ,
110,ABELL_1668,6.156200485,1.316652675,1.316652675,167.3227968,7.881638917,7.881638917,1.032631291,0.052890981,0.052890981,ABELL_1668,0.0634,9.477,0.399,13.944,0.481,0,13:03:46.682      ,19:16:13.94       ,
201,ABELL_1689,61.84116258,4.922369313,4.922369313,126.2948897,7.801251661,7.801251661,1.156217263,0.048244745,0.048244745,ABELL_1689,0.1832,3.425,0.058,9.985,0.08,25,13:11:29.611      ,-1:20:28.68       ,
228,ABELL_1736,139.6314103,39.36787729,39.36787729,75.72448948,80.8902659,80.8902659,0.691092608,0.462671776,0.462671776,ABELL_1736,0.0458,1.498,0.448,5.8,0.242,0,13:26:49.452      ,-27:09:48.13      ,
344,ABELL_1750C,159.8676236,10.7612668,10.7612668,56.09871172,9.677898924,9.677898924,1.886477411,0.081983032,0.081983032,ABELL_1750C,0.0678,3.171,0.304,-,-,0,13:30:50.232      ,-1:51:46.42       ,
275,ABELL_1750N,93.06013847,22.13130404,22.13130404,117.4579651,37.17990924,37.17990924,0.979839514,0.211361231,0.211361231,ABELL_1750N,0.0837,5.351,0.671,-,-,0,13:31:10.949      ,-1:43:41.52       ,
213,ABELL_1758,166.511321,49.64282639,49.64282639,189.6494503,105.9274748,105.9274748,1.03588376,0.431306733,0.431306733,ABELL_1758,0.279,1.891,0.166,3.802,0.111,28,13:32:48.398      ,50:32:32.53       ,
279,ABELL_1763,186.6190173,22.10756188,22.10756188,54.56956226,15.64840476,15.64840476,1.347965019,0.124386688,0.124386688,ABELL_1763,0.223,2.49,0.188,4.497,0.224,0,13:35:17.957      ,40:59:55.79       ,
258,ABELL_1767,136.5656039,62.65466986,62.65466986,147.7311952,126.4068079,126.4068079,0.647243549,0.584929535,0.584929535,ABELL_1767,0.0703,2.417,0.492,45.524,3.01,13,13:36:07.841      ,59:12:15.69       ,
35,ABELL_1775,56.89448717,3.877474144,3.877474144,256.5537386,19.7890624,19.7890624,1.859615383,0.09851928,0.09851928,ABELL_1775,0.0717,1.13,0.165,7.388,0.098,34,13:41:48.637      ,26:22:20.10       ,
137,ABELL_1795,15.17156335,0.778910297,0.778910297,118.0365016,1.459708805,1.459708805,1.079740558,0.017816001,0.017816001,ABELL_1795,0.0625,2.039,0.037,7.923,0.037,0,13:48:52.802      ,26:35:23.53       ,
177,ABELL_1831,77.35375075,12.84774325,12.84774325,100.5925996,19.6882256,19.6882256,1.16483665,0.153743686,0.153743686,ABELL_1831,0.0615,3.082,0.44,-,-,0,13:59:15.821      ,27:58:32.15       ,
17,ABELL_1835,11.29913407,1.210847623,1.210847623,105.984651,4.226783453,4.226783453,1.322887027,0.034151809,0.034151809,ABELL_1835,0.2532,10.884,0.15,13.049,0.161,0,14:01:01.951      ,2:52:43.18        ,
69,ABELL_1914,84.49363566,15.89997158,15.89997158,139.1034604,22.46197209,22.46197209,0.852965826,0.081101907,0.081101907,ABELL_1914,0.1712,3.11,0.112,6.223,0.148,0,14:26:03.060      ,37:49:27.84       ,
338,ABELL_1930,-3.706592038,2.732889079,2.732889079,182.2455886,6.826766689,6.826766689,0.822759408,0.042027585,0.042027585,ABELL_1930,0.1313,6.974,0.29,38.418,1.028,0,14:32:37.887      ,31:38:52.49       ,
204,ABELL_1942_AND_CLUMP,67.02281585,74.34499132,74.34499132,229.3051823,101.3571192,101.3571192,0.465599789,0.200287937,0.200287937,ABELL_1942_AND_CLUMP,0.224,3.266,0.332,12.064,0.628,0,14:38:21.878      ,3:40:12.97      ,
334,ABELL_1991,0.392457618,0.244423278,0.244423278,122.8040147,2.375323088,2.375323088,0.99643963,0.016570554,0.016570554,ABELL_1991,0.0587,4.242,0.148,12.263,0.162,0,14:54:31.620      ,18:38:41.50       ,
75,ABELL_2009,18.81080005,2.581531644,2.581531644,133.3649313,7.018245139,7.018245139,1.104855423,0.044006928,0.044006928,ABELL_2009,0.1532,7.034,0.221,11.667,0.27,0,15:00:19.576      ,21:22:11.56       ,
241,ABELL_2061,224.7373171,24.17815544,24.17815544,38.18527336,19.47372575,19.47372575,1.434170753,0.23343029,0.23343029,ABELL_2061,0.0784,2.34,0.499,23.705,0.913,5,15:21:10.149      ,30:36:41.28       ,
127,ABELL_2069,297.6870895,41.57332723,41.57332723,84.81308847,46.81240865,46.81240865,0.962597591,0.212254233,0.212254233,ABELL_2069,0.116,1.617,0.158,4.3,0.154,0,15:24:11.376      ,29:52:19.02       ,
282,ABELL_2092,79.49815599,62.07551059,62.07551059,120.4945547,105.9863048,105.9863048,0.689590468,0.622520861,0.622520861,ABELL_2092,0.0669,6.704,1.921,-,-,0,15:33:17.614      ,31:08:16.49       ,
76,ABELL_2104,159.1420735,31.84477164,31.84477164,127.1688507,43.60174166,43.60174166,0.820390032,0.178099944,0.178099944,ABELL_2104,0.1533,1.674,0.098,5.66,0.113,0,15:40:08.131      ,-3:18:15.01       ,
174,ABELL_2107,10.15509819,3.137568314,3.137568314,327.9583462,32.78187219,32.78187219,0.922611394,0.086401805,0.086401805,ABELL_2107,0.0411,3.735,0.172,44.463,0.792,70,15:39:39.113      ,21:46:57.65       ,
250,ABELL_2111,189.915292,27.11505477,27.11505477,88.33669504,27.65517126,27.65517126,1.188616078,0.155650554,0.155650554,ABELL_2111,0.229,3.538,0.266,6.606,0.373,0,15:39:40.637      ,34:25:28.02       ,
221,ABELL_2124,91.07289809,24.55535425,24.55535425,196.3749683,38.84304546,38.84304546,0.813895317,0.17293218,0.17293218,ABELL_2124,0.0656,5.288,0.239,7.792,0.297,0,15:44:59.131      ,36:06:34.13       ,
63,ABELL_2125,171.2476676,17.88278604,17.88278604,25.36763297,19.66711515,19.66711515,1.588335272,0.272127086,0.272127086,ABELL_2125,0.2465,2.446,0.663,-,-,0,15:41:14.155      ,66:15:57.20       ,
5,ABELL_2146,85.69549464,4.203953857,4.203953857,66.39619174,6.028093562,6.028093562,1.890605319,0.078247325,0.078247325,ABELL_2146,0.2343,1.888,0.064,8.907,0.109,20,15:56:12.295      ,66:21:05.88       ,
255,ABELL_2147,163.0075039,18.55578496,18.55578496,78.33161079,36.31344641,36.31344641,1.411362367,0.378379501,0.378379501,ABELL_2147,0.035,1.322,0.229,4.323,0.155,20,16:02:17.026      ,15:58:28.31       ,
160,ABELL_2151,6.425500173,3.10171765,3.10171765,150.802038,5.699385428,5.699385428,0.790629211,0.055755155,0.055755155,ABELL_2151,0.0366,4.052,0.327,22.443,0.646,0,16:04:35.887      ,17:43:17.36       ,
144,ABELL_2187,91.55583415,19.02087436,19.02087436,108.7355301,26.69971343,26.69971343,1.19362212,0.16324723,0.16324723,ABELL_2187,0.1836,10.266,0.592,13.317,0.719,0,16:24:14.018      ,41:14:37.54       ,
169,ABELL_2204,7.763172551,0.351268608,0.351268608,144.8307681,3.20899054,3.20899054,1.509153738,0.027684648,0.027684648,ABELL_2204,0.1522,9.453,0.084,12.344,0.083,55,16:32:46.920      ,5:34:32.84        ,
36,ABELL_2219,258.4895274,19.76304851,19.76304851,49.42749109,17.9303475,17.9303475,1.457676404,0.188624185,0.188624185,ABELL_2219,0.2256,1.493,0.063,3.904,0.048,20,16:40:20.112      ,46:42:42.84       ,
87,Abell_222,148.8488644,21.54529917,21.54529917,48.21759284,37.96699029,37.96699029,1.361622615,0.395130489,0.395130489,Abell_222,0.211,1.631,0.28,8.646,0.48,5,1:37:34.562       ,-12:59:34.87      ,
205,Abell_223,101.8081873,21.11475979,21.11475979,120.946003,31.3297389,31.3297389,1.022688219,0.160265877,0.160265877,Abell_223,0.207,4.438,0.326,19.136,0.908,0,1:37:55.963       ,-12:49:10.52      ,
27,ABELL_2256,111.0923316,33.40849985,33.40849985,159.1184435,57.04831526,57.04831526,0.764364464,0.271554817,0.271554817,ABELL_2256,0.0581,1.149,0.105,1.885,0.042,20,17:03:44.568      ,78:38:11.51       ,
301,ABELL_2261,41.81764847,9.759130386,9.759130386,139.2876184,14.83233863,14.83233863,0.898581381,0.069824354,0.069824354,ABELL_2261,0.224,6.889,0.217,9.451,0.247,10,17:22:27.254      ,32:07:58.58       ,
261,Abell_2276,24.17276959,11.03472069,11.03472069,132.5971696,18.92824002,18.92824002,0.817660461,0.124838824,0.124838824,Abell_2276,0.1406,7.271,0.522,-,-,0,17:35:04.631      ,64:06:06.05       ,
78,ABELL_2294,58.44618794,48.43142189,48.43142189,216.6532083,77.18367284,77.18367284,0.724366301,0.174213736,0.174213736,ABELL_2294,0.1694,5.294,0.346,6.624,0.375,0,17:24:10.150      ,85:53:09.78       ,
278,ABELL_2302,190.543733,77.38216506,77.38216506,121.0209178,139.1101997,139.1101997,0.764308357,0.417570195,0.417570195,ABELL_2302,0.179,2.375,0.483,-,-,0,18:19:58.020      ,57:09:22.09       ,
90,ABELL_2345,286.7598236,114.1447127,114.1447127,143.1269835,175.8499641,175.8499641,0.694357172,0.381472224,0.381472224,ABELL_2345,0.1765,4.741,0.645,7.63,0.868,0,21:27:09.528      ,-12:10:29.43      ,
156,ABELL_2355,393.2931414,86.8689383,86.8689383,75.51782804,152.8165177,152.8165177,1.182893573,0.52872127,0.52872127,ABELL_2355,0.1244,7.126,0.738,18.909,1.677,0,21:35:16.690      ,1:25:03.60        ,
132,ABELL_2384,25.35912117,2.675275897,2.675275897,139.6891667,6.596567389,6.596567389,1.270953033,0.055527564,0.055527564,ABELL_2384,0.0943,4.187,0.202,12.326,0.273,25,21:52:21.178      ,-19:32:51.90      ,
170,ABELL_2390,14.25961229,1.928682982,1.928682982,151.8432126,5.092983864,5.092983864,1.069627562,0.029617703,0.029617703,ABELL_2390,0.228,4.745,0.077,8.362,0.078,0,21:53:36.826      ,17:41:44.38       ,
298,ABELL_2409,12.42390237,34.87583397,34.87583397,167.9929635,57.5418811,57.5418811,0.511750073,0.193619362,0.193619362,ABELL_2409,0.1479,2.99,0.242,6.283,0.282,10,22:00:52.567      ,20:58:06.56       ,
33,ABELL_2415,2.830438898,0.78099615,0.78099615,142.1545087,6.584566229,6.584566229,1.026694915,0.04554684,0.04554684,ABELL_2415,0.0581,5.77,0.438,-,-,10,22:05:38.595      ,-5:35:29.92       ,
245,ABELL_2426,54.81814076,12.5147735,12.5147735,104.5996116,20.30994115,20.30994115,1.306931728,0.200509684,0.200509684,ABELL_2426,0.0978,4.669,0.382,21.841,0.961,10,22:14:32.332      ,-10:22:13.85      ,
16,ABELL_2443,164.2616866,42.6412057,42.6412057,113.1501467,83.70111071,83.70111071,0.799025085,0.365097137,0.365097137,ABELL_2443,0.108,2.222,0.167,12.831,0.454,0,22:26:06.485      ,17:21:55.46       ,
195,ABELL_2445,69.91472572,11.2935264,11.2935264,87.84084624,15.91233471,15.91233471,0.991777505,0.116865999,0.116865999,ABELL_2445,0.166,2.112,0.231,22.879,0.848,0,22:26:55.703      ,25:50:10.47       ,
51,ABELL_2457,24.0492158,17.81575478,17.81575478,181.2004648,33.32907623,33.32907623,0.699811063,0.119506321,0.119506321,ABELL_2457,0.0594,4.486,0.622,-,-,0,22:35:41.116      ,1:29:10.28        ,
118,ABELL_2485,74.81380637,26.48631501,26.48631501,123.0315067,41.70869729,41.70869729,0.955823054,0.190003524,0.190003524,ABELL_2485,0.2472,9.897,0.713,26.589,1.607,0,22:48:30.980      ,-16:06:28.26      ,
203,ABELL_2507,198.2272875,27.12143618,27.12143618,36.56989076,18.94873787,18.94873787,1.743055446,0.176050869,0.176050869,ABELL_2507,0.196,8.136,0.993,-,-,0,22:56:52.590      ,5:30:15.51        ,
176,ABELL_2537,78.80610706,12.79531031,12.79531031,110.2224808,21.59887818,21.59887818,1.101372543,0.181668628,0.181668628,ABELL_2537,0.295,3.985,0.18,11.975,0.31,0,23:08:22.313      ,-2:11:29.87       ,
46,ABELL_2550,-0.844610628,2.976470219,2.976470219,114.2007989,5.201587144,5.201587144,0.714456986,0.059792969,0.059792969,ABELL_2550,0.1226,4.711,0.354,25.541,0.767,0,23:11:35.122      ,-21:44:41.53      ,
248,ABELL_2556,12.04112375,1.362859677,1.362859677,123.6468025,4.079973053,4.079973053,1.084422771,0.044292595,0.044292595,ABELL_2556,0.0871,5.043,0.19,13.726,0.263,0,23:13:01.414      ,-21:38:04.45      ,
292,ABELL_2597,9.501068707,0.287791104,0.287791104,99.23374208,1.03504256,1.03504256,1.206011578,0.014623946,0.014623946,ABELL_2597,0.0852,2.248,0.044,14.665,0.082,0,23:25:19.778      ,-12:07:27.62      ,
305,ABELL_2626,13.52763109,2.256718616,2.256718616,123.8323896,4.378638153,4.378638153,0.861341938,0.050810226,0.050810226,ABELL_2626,0.0553,3.463,0.15,8.202,0.16,0,23:36:30.451      ,21:08:47.36       ,
262,ABELL_2631,76.91434718,106.4087099,106.4087099,230.75101,114.6282721,114.6282721,0.411877795,0.217903037,0.217903037,ABELL_2631,0.273,6.444,0.436,5.46,0.392,0,23:37:38.561      ,0:16:05.02        ,
233,ABELL_2667,19.09767186,2.169453388,2.169453388,93.03679521,5.622606289,5.622606289,1.241401909,0.054442216,0.054442216,ABELL_2667,0.23,10.319,0.292,11.301,0.307,0,23:51:39.396      ,-26:05:02.76      ,
286,ABELL_2670,30.01158173,4.629456901,4.629456901,125.8082952,8.012983352,8.012983352,0.817170147,0.061600338,0.061600338,ABELL_2670,0.0762,2.049,0.14,49.882,1.057,0,23:54:08.832      ,-10:25:30.66      ,
234,ABELL_2717,29.92786946,6.216723573,6.216723573,123.4737191,9.68441754,9.68441754,0.932839724,0.114205884,0.114205884,ABELL_2717,0.049,2.766,0.161,6.725,0.179,0,0:03:12.967       ,-35:56:00.13      ,
208,ABELL_2734_NED01,25.69182371,17.05060968,17.05060968,153.9768551,24.19244013,24.19244013,0.578175078,0.07781177,0.07781177,ABELL_2734_NED01,0.0753,4.098,0.167,34.406,0.851,0,0:11:21.624       ,-28:51:14.44      ,
165,ABELL_2744,151.7160641,90.74891151,90.74891151,240.9492839,140.3991569,140.3991569,0.479658268,0.240103787,0.240103787,ABELL_2744,0.308,1.576,0.085,2.735,0.079,25,0:14:19.529       ,-30:23:30.23      ,
18,ABELL_2813,136.338408,22.77972945,22.77972945,65.15176804,32.80102525,32.80102525,1.403063633,0.287090591,0.287090591,ABELL_2813,0.2924,4.585,0.293,6.477,0.349,0,0:43:24.881       ,-20:37:25.07      ,
216,ABELL_2895,168.687479,33.93110444,33.93110444,90.11064484,37.84252266,37.84252266,1.130065693,0.193611236,0.193611236,ABELL_2895,0.227,6.357,0.364,6.333,0.363,0,1:18:11.262       ,-26:57:54.93      ,
2,ABELL_3017,36.91575937,7.731014124,7.731014124,109.8482901,14.71623959,14.71623959,1.258413485,0.085612297,0.085612297,ABELL_3017,0.2195,11.917,0.564,10.9,0.551,0,2:25:53.081       ,-41:55:04.56      ,
211,ABELL_3088,20.39011203,9.298269741,9.298269741,178.1490027,18.19649221,18.19649221,0.885832987,0.073665409,0.073665409,ABELL_3088,0.2534,11.695,0.457,11.644,0.455,0,3:07:01.733       ,-28:39:55.48      ,
121,ABELL_3094,31.06338224,66.81775373,66.81775373,225.5363382,83.17306999,83.17306999,0.399293827,0.16912919,0.16912919,ABELL_3094,0.0677,1.882,0.327,-,-,0,3:11:35.879       ,-26:53:55.53      ,
340,ABELL_3120,17.50434053,5.899682648,5.899682648,153.472682,12.13569352,12.13569352,0.98158126,0.122287203,0.122287203,ABELL_3120,0.069,-,-,-,-,0,3:21:56.465       ,-51:19:35.40      ,
171,ABELL_3126,158.2219142,13.32203218,13.32203218,50.46947415,14.48856289,14.48856289,1.725257231,0.167236587,0.167236587,ABELL_3126,0.0856,2.315,0.225,13.518,0.566,0,3:28:36.565       ,-55:43:04.78      ,
12,ABELL_3128,12.12847441,60.72555295,60.72555295,200.4714831,72.73959752,72.73959752,0.340904219,0.215487627,0.215487627,ABELL_3128,0.0599,2.986,0.355,6.519,0.398,0,3:29:50.514       ,-52:34:48.33      ,
217,ABELL_3140,91.66667124,6.967277809,6.967277809,194.2281119,16.03277323,16.03277323,1.808125658,0.124228915,0.124228915,ABELL_3140,0.062,-,-,27.76,0.899,0,3:36:15.636       ,-40:37:42.68      ,
236,ABELL_3292,108.1164434,10.1911141,10.1911141,35.72382939,10.66225641,10.66225641,1.693734823,0.167779591,0.167779591,ABELL_3292,0.1723,2.579,0.292,22.003,1.099,0,4:49:56.189       ,-44:40:21.16      ,
179,ABELL_3322,104.6131418,17.63720475,17.63720475,77.06010154,21.05772892,21.05772892,1.195528598,0.146823034,0.146823034,ABELL_3322,0.2,6.664,0.403,8.97,0.477,0,5:10:16.916       ,-45:19:16.24      ,
242,ABELL_3343,163.7573293,19.79404798,19.79404798,46.14995117,19.91496769,19.91496769,1.601582177,0.225448958,0.225448958,ABELL_3343,0.1913,4.813,0.33,10.358,0.518,0,5:25:48.712       ,-47:15:10.19      ,
83,ABELL_3364,205.0187591,17.03683058,17.03683058,42.81989236,17.14328833,17.14328833,1.635363373,0.206228786,0.206228786,ABELL_3364,0.1483,3.588,0.191,6.434,0.245,0,5:47:37.697       ,-31:52:23.63      ,
312,ABELL_3378,8.527680874,3.136190174,3.136190174,120.2483356,6.80753217,6.80753217,0.910262982,0.060338965,0.060338965,ABELL_3378,0.141,6.036,0.377,14.541,0.498,5,6:05:53.987       ,-35:18:08.09      ,
309,ABELL_3391,203.1511794,29.56902403,29.56902403,122.6349056,45.8097312,45.8097312,0.916578013,0.227567818,0.227567818,ABELL_3391,0.0514,2.067,0.144,11.184,0.332,0,6:26:21.511       ,-53:41:44.81      ,
266,ABELL_3395_SW,190.1176023,25.74089857,25.74089857,99.60656612,44.49679385,44.49679385,1.376146919,0.34405183,0.34405183,ABELL_3395_SW,0.051,1.969,0.194,-,-,14,6:26:48.463       ,-54:32:59.21      ,
68,ABELL_3399,59.43485922,16.44119629,16.44119629,164.3591254,25.19529515,25.19529515,0.867106642,0.077934205,0.077934205,ABELL_3399,0.2026,4.443,0.394,8.658,0.486,0,6:37:14.511       ,-48:28:18.76      ,
323,ABELL_3404,95.05543433,18.87891252,18.87891252,119.8330944,26.79425409,26.79425409,1.079952273,0.140734168,0.140734168,ABELL_3404,0.167,7.227,0.318,7.861,0.331,5,6:45:29.015       ,-54:13:43.13      ,
166,ABELL_3411,194.0207,24.31694917,24.31694917,76.51420281,25.81559517,25.81559517,1.275239204,0.179342863,0.179342863,ABELL_3411,0.1687,1.669,0.204,7.63,0.363,10,8:41:51.927       ,-17:27:45.62      ,
71,ABELL_3444,20.76242033,1.805128244,1.805128244,94.19023302,4.674660536,4.674660536,1.339970209,0.044983249,0.044983249,ABELL_3444,0.2533,7.859,0.169,14.622,0.229,0,10:23:50.196      ,-27:15:23.76      ,
142,ABELL_3528B,15.26070757,2.68324422,2.68324422,218.8016537,8.799554243,8.799554243,1.157415726,0.060776589,0.060776589,ABELL_3528B,0.053,12.611,0.541,-,-,0,12:54:22.250      ,-29:00:39.82      ,
230,ABELL_3532,150.769862,20.30490747,20.30490747,83.65107026,29.75688723,29.75688723,1.251458894,0.24861706,0.24861706,ABELL_3532,0.0554,2.668,0.229,191.549,7.847,0,12:57:22.326      ,-30:21:45.30      ,
290,ABELL_3558,49.87714218,14.91062014,14.91062014,194.0692898,20.75983682,20.75983682,0.771782213,0.094200665,0.094200665,ABELL_3558,0.048,2.358,0.089,3.342,0.07,0,13:27:56.854      ,-31:29:43.76      ,
274,ABELL_3560,40.38267481,61.46440876,61.46440876,198.6953192,85.10923609,85.10923609,0.366506222,0.251349154,0.251349154,ABELL_3560,0.0489,2.189,0.248,10.298,0.517,3,13:32:25.714      ,-33:08:09.60      ,
77,ABELL_3562,70.59170171,12.78581314,12.78581314,144.2238709,18.70899311,18.70899311,0.942135593,0.10119914,0.10119914,ABELL_3562,0.049,1.919,0.166,8.053,0.221,0,13:33:37.800      ,-31:40:12.04      ,
58,ABELL_3571,59.96382552,13.81664183,13.81664183,210.881298,14.70507262,14.70507262,0.698522414,0.151273799,0.151273799,ABELL_3571,0.0391,1.788,0.048,2.538,0.027,11,13:47:28.433      ,-32:51:52.45      ,
10,ABELL_3581,8.670224563,0.667053029,0.667053029,183.1906437,51.95119298,51.95119298,1.380176907,0.149907516,0.149907516,ABELL_3581,0.023,4.986,0.147,7.944,0.07,26,14:07:29.777      ,-27:01:05.88      ,
86,ABELL_3653,174.8214381,44.38246386,44.38246386,172.2740262,103.0313059,103.0313059,1.18365019,0.516642635,0.516642635,ABELL_3653,0.1089,-,-,-,-,0,19:53:02.960      ,-52:02:08.82      ,
145,ABELL_3695,307.1827832,36.6175965,36.6175965,41.78477848,35.30894451,35.30894451,1.562355139,0.278495509,0.278495509,ABELL_3695,0.0894,2.053,0.284,10.46,0.735,0,20:34:45.220      ,-35:48:40.30      ,
159,ABELL_3739,81.93557204,38.1486927,38.1486927,150.9539551,60.83312862,60.83312862,0.823963897,0.201925058,0.201925058,ABELL_3739,0.1651,3.545,0.333,9.056,0.553,0,21:04:19.151      ,-41:20:41.53      ,
103,ABELL_3809,10.27662856,3.843984838,3.843984838,132.9561347,8.31856984,8.31856984,0.867326771,0.05916281,0.05916281,ABELL_3809,0.0623,3.983,0.434,-,-,0,21:46:59.094      ,-43:53:54.49      ,
218,ABELL_3827,133.7258559,15.26395569,15.26395569,102.4135418,22.40490834,22.40490834,1.118241127,0.185506088,0.185506088,ABELL_3827,0.0984,1.647,0.067,6.318,0.074,20,22:01:53.201      ,-59:56:43.04      ,
325,ABELL_3854,103.5131467,18.15432944,18.15432944,96.94610648,24.92915009,24.92915009,1.201331904,0.151470917,0.151470917,ABELL_3854,0.1492,4.309,0.368,11.787,0.584,0,22:17:45.749      ,-35:43:26.81      ,
21,ABELL_3880,0.852947986,0.949832236,0.949832236,139.1510793,4.029465095,4.029465095,0.890291885,0.031711453,0.031711453,ABELL_3880,0.0584,5.936,0.279,43.486,1.017,0,22:27:54.559      ,-30:34:34.82      ,
308,ABELL_3911,338.3805425,36.85063677,36.85063677,27.57848169,34.61768961,34.61768961,1.606591217,0.276353203,0.276353203,ABELL_3911,0.0965,1.627,0.213,4.205,0.31,0,22:46:15.331      ,-52:43:27.07      ,
57,ABELL_3921,75.1187525,14.84667562,14.84667562,162.5206904,20.74577911,20.74577911,0.786921016,0.07311522,0.07311522,ABELL_3921,0.0928,2.242,0.138,7.405,0.176,0,22:49:57.828      ,-64:25:42.17      ,
114,ABELL_S0295,165.9385756,21.5886262,21.5886262,36.24849846,26.52563564,26.52563564,1.560122264,0.278861139,0.278861139,ABELL_S0295,0.3,3.326,0.272,5.576,0.34,0,2:45:26.452       ,-53:01:46.85      ,
163,ABELL_S0463,117.4694868,23.5729668,23.5729668,100.2039245,44.89046657,44.89046657,1.076176916,0.410792624,0.410792624,ABELL_S0463,0.0394,18.787,3.778,-,-,0,4:28:37.425       ,-53:50:30.50      ,
306,ABELL_S0520,320.1325294,39.83769486,39.83769486,30.75670323,30.49411155,30.49411155,1.65611564,0.233451503,0.233451503,ABELL_S0520,0.2952,2.639,0.255,3.202,0.28,0,5:16:37.711       ,-54:30:47.30      ,
6,ABELL_S0579,129.9660214,24.0110376,24.0110376,68.50132407,26.9668654,26.9668654,1.133956511,0.184939458,0.184939458,ABELL_S0579,0.152,2.553,0.338,12.199,0.752,0,6:16:32.139       ,-39:47:48.63      ,
299,ABELL_S0592,30.59350661,7.827312168,7.827312168,141.1633219,13.22316738,13.22316738,0.915344817,0.073161738,0.073161738,ABELL_S0592,0.2216,6.119,0.227,8.377,0.26,0,6:38:48.610       ,-53:58:26.33      ,
24,ABELL_S0780,20.93321052,1.310558746,1.310558746,114.0841106,10.97497815,10.97497815,1.817181299,0.12808882,0.12808882,ABELL_S0780,0.2357,8.026,0.206,16.611,0.286,25,14:59:28.817      ,-18:10:43.49      ,
214,ABELL_S1063,78.78451225,19.91261078,19.91261078,127.406501,31.16253652,31.16253652,0.867907198,0.166104283,0.166104283,ABELL_S1063,0.3475,5.317,0.159,6.299,0.171,15,22:48:44.294      ,-44:31:48.36      ,
72,ABELL_S1101,11.52628718,0.499068999,0.499068999,77.47997716,1.225756043,1.225756043,1.127300033,0.01803925,0.01803925,ABELL_S1101,0.058,1.939,0.058,28.351,0.178,0,23:13:58.764      ,-42:43:34.72      ,
82,ARP_318,5.358696842,0.209582238,0.209582238,157.7404161,311.6251478,311.6251478,1.810070001,0.140613094,0.140613094,ARP_318,0.0132,-,-,19.492,1.105,0,2:09:38.283       ,-10:08:45.19      ,
173,AWM_4,24.47362215,5.366493631,5.366493631,108.4641928,6.62465891,6.62465891,0.654836183,0.093504311,0.093504311,AWM_4,0.0318,2.488,0.112,12.667,0.203,0,16:04:56.486      ,23:56:02.44       ,
283,BLOX_J1023.6+0411.1,8.94693467,0.960025551,0.960025551,106.9582831,3.162183794,3.162183794,1.216041729,0.026369283,0.026369283,BLOX_J1023.6+0411.1,0.2906,7.217,0.113,12.255,0.137,0,10:23:39.734      ,4:11:08.05       ,
302,BLOX_J1056.9-0337.3,126.7980328,36.94521908,36.94521908,87.75013781,78.52259001,78.52259001,1.247778427,0.486964702,0.486964702,BLOX_J1056.9-0337.3,0.8231,14.37,1.122,16.11,1.219,12,10:56:55.916      ,-3:37:39.85      ,
95,Centaurus_Cluster,0.873481955,0.025961289,0.025961289,324.9061559,3.843094122,3.843094122,1.197662223,0.005470634,0.005470634,Centaurus_Cluster,0.0114,2.934,0.04,6.137,0.022,22,12:48:49.267      ,-41:18:39.53      ,
138,CGCG_514-050,0.931888027,2.216971357,2.216971357,547.8042666,279.5880348,279.5880348,0.930563116,0.162659541,0.162659541,CGCG_514-050,0.0171,15.386,0.983,-,-,27,22:31:20.527      ,39:21:31.26       ,
265,CIZA_J0107.7+5408,305.4753578,45.98310374,45.98310374,66.09527385,52.33309168,52.33309168,1.106977282,0.300406569,0.300406569,CIZA_J0107.7+5408,0.1066,1.671,0.112,3.498,0.134,0,1:07:45.139       ,54:07:57.61       ,
40,CIZA_J0616.3-2156,234.5265244,60.54433466,60.54433466,117.4173367,92.76189217,92.76189217,0.85388568,0.289637607,0.289637607,CIZA_J0616.3-2156,0.171,2.933,0.289,6.75,0.425,0,6:16:24.787       ,-21:56:17.90      ,
41,CIZA_J1804.4+1002,26.2681311,48.51267254,48.51267254,220.2244202,70.70236008,70.70236008,0.494055348,0.133661544,0.133661544,CIZA_J1804.4+1002,0.1525,3.948,0.256,6.61,0.299,0,18:04:31.362      ,10:03:24.63       ,
267,CIZA_J1938.3+5409,82.491668,12.54479756,12.54479756,63.25637887,15.55744072,15.55744072,1.427288283,0.154881273,0.154881273,CIZA_J1938.3+5409,0.26,5.796,0.31,8.935,0.393,0,19:38:18.424      ,54:09:34.85       ,
153,Cl_0016+16,165.4635935,19.83432198,19.83432198,56.1677155,16.00444961,16.00444961,1.318779653,0.126374388,0.126374388,Cl_0016+16,0.541,3.664,0.185,4.281,0.196,0,0:18:33.504       ,16:26:12.98       ,
11,ClG_2153.8+3746,55.18910806,6.284142828,6.284142828,325.0212321,34.31669147,34.31669147,1.707858974,0.178412961,0.178412961,ClG_2153.8+3746,0.292,5.266,0.177,8.454,0.167,28,21:55:52.284      ,38:00:22.66       ,
220,ESO_351-_G_021,3.731300186,0.864847467,0.864847467,104.9656555,6.87969335,6.87969335,0.941898342,0.056355721,0.056355721,ESO_351-_G_021,0.0571,10.651,0.664,-,-,0,0:54:59.837       ,-35:19:15.23      ,
246,ESO_552-_G_020,-6.756358797,7.225527285,7.225527285,206.1965909,10.816129,10.816129,0.609273543,0.08118817,0.08118817,ESO_552-_G_020,0.0314,6.255,0.443,-,-,0,4:54:52.318       ,-18:06:56.52      ,
190,ESO3060170-A,2.005363378,1.514701351,1.514701351,441.2290347,108.0295237,108.0295237,1.170306061,0.125505191,0.125505191,ESO3060170-A,0.0358,4.991,0.258,17.138,0.362,56,5:40:06.686       ,-40:50:12.80      ,
109,FBQS_J074417.4+375317,-18.9501769,10.38046651,10.38046651,163.8061402,19.68395115,19.68395115,0.802159229,0.094369147,0.094369147,FBQS_J074417.4+375317,1.0686,51.148,1.269,56.2,1.388,0,7:44:17.381       ,37:53:16.11    ,
39,Fornax_Cluster,0.346209612,0.066151847,0.066151847,274.256936,7.90027312,7.90027312,0.917927204,0.011106436,0.011106436,Fornax_Cluster,0.0046,9.427,0.286,11.284,0.178,0,3:38:28.887       ,-35:26:59.65      ,
29,G139.59+24.18,32.80077881,8.951687962,8.951687962,150.9930737,18.54408176,18.54408176,1.244209524,0.247064642,0.247064642,G139.59+24.18,0.27,9.37,0.408,10.962,0.437,13,6:21:48.992       ,74:42:05.05       ,
117,GALEX_J094712.4+762313,25.08675322,1.567618458,1.567618458,75.23224248,4.847197658,4.847197658,1.915002012,0.059409832,0.059409832,GALEX_J094712.4+762313,0.3541,12.999,0.266,17.644,0.324,14,9:47:12.694       ,76:23:13.42   ,
210,GMBCG_J029.95560-08.83299,-10.80526572,5.841738625,5.841738625,217.8502452,13.76551217,13.76551217,0.837097682,0.049449077,0.049449077,GMBCG_J029.95560-08.83299,0.322,10.434,0.249,13.696,0.288,0,1:59:49.452       ,-8:50:00.89,
343,GMBCG_J215.94948+24.07846,5.560099115,3.402985957,3.402985957,132.5812457,7.921233246,7.921233246,1.167451087,0.105463176,0.105463176,GMBCG_J215.94948+24.07846,0.5431,10.612,0.243,19.214,0.34,14,14:23:47.760      ,24:04:40.44,
#53,HCG_037,2.267388904,1.279997453,1.279997453,503.3511302,339.9284317,339.9284317,1.180481735,0.197800161,0.197800161,HCG_037,0.0223,0.171,0.016,33.864,6.55,0,,,
300,HCG_042,1.713830366,0.342457741,0.342457741,188.9929793,23.76047559,23.76047559,1.008856948,0.060151507,0.060151507,HCG_042,0.0133,5.866,0.484,22.169,0.995,0,10:00:14.234      ,-19:38:10.75      ,
280,HCG_051,-7.020146224,2.692326978,2.692326978,130.8447687,10.85770965,10.85770965,0.557678517,0.074816591,0.074816591,HCG_051,0.0258,10.878,1.259,-,-,5,11:22:26.419      ,24:17:51.19       ,
226,HCG_097,-2.964822349,2.537101939,2.537101939,90.32554528,5.549675773,5.549675773,0.577187074,0.074297184,0.074297184,HCG_097,0.0218,-,-,-,-,0,23:47:22.822      ,-2:17:59.81       ,
34,Hercules_A,0.604461984,2.871350485,2.871350485,211.7993223,20.46108153,20.46108153,1.071758621,0.127141904,0.127141904,Hercules_A,0.155,5.418,0.19,15.461,0.205,30,16:51:08.160      ,4:59:32.42        ,
49,Hydra_A,15.71093906,0.626827829,0.626827829,142.6390327,19.03128778,19.03128778,1.46168205,0.11069958,0.11069958,Hydra_A,0.0549,1.73,0.043,8.967,0.039,39,9:18:05.986       ,-12:05:43.94      ,
105,IC_1365,160.8333657,19.73192128,19.73192128,71.37850496,38.38568973,38.38568973,1.337766993,0.371221086,0.371221086,IC_1365,0.0493,2.178,0.24,-,-,0,21:13:55.867      ,2:33:49.64        ,
223,IC_1633,2.846235822,0.782718396,0.782718396,845.5169863,95.77742167,95.77742167,1.218534332,0.057235657,0.057235657,IC_1633,0.0243,9.521,0.545,-,-,28,1:09:55.405       ,-45:55:50.79      ,
99,IC_1880_GROUP,4.00294662,1.229202841,1.229202841,342.980278,75.62358931,75.62358931,1.587949211,0.153818684,0.153818684,IC_1880_GROUP,0.0338,0.475,0.022,-,-,0,3:06:28.456       ,-9:43:52.36       ,
181,LCDCS_0829,3.460229123,2.29858974,2.29858974,177.097596,6.230902845,6.230902845,1.073674751,0.035764434,0.035764434,LCDCS_0829,0.451,12.871,0.11,14.468,0.118,21,13:47:30.593      ,-11:45:10.04      ,
342,MACS_J0011.7-1523,7.905560331,6.688152504,6.688152504,139.3228781,14.30589774,14.30589774,0.861236838,0.076364007,0.076364007,MACS_J0011.7-1523,0.378,5.701,0.274,12.224,0.388,0,0:11:42.965       ,-15:23:20.80      ,
253,MACS_J0025.4-1222,149.8153377,20.3617204,20.3617204,63.48654934,19.63258033,19.63258033,1.336886781,0.154436473,0.154436473,MACS_J0025.4-1222,0.5843,2.725,0.237,5.878,0.349,0,0:25:29.688       ,-12:22:33.87      ,
227,MACS_J0242.6-2132,9.401549373,1.572949282,1.572949282,85.74801753,5.659510284,5.659510284,1.302089498,0.058525608,0.058525608,MACS_J0242.6-2132,0.314,15.195,0.604,18.059,0.676,0,2:42:35.906       ,-21:32:26.30      ,
13,MACS_J0308.9+2645,144.0107058,31.44871198,31.44871198,106.5559461,32.82525249,32.82525249,1.111475592,0.141080444,0.141080444,MACS_J0308.9+2645,0.324,7.524,0.312,6.588,0.289,0,3:08:55.927       ,26:45:38.34       ,
332,MACS_J0329.6-0211,4.990945422,2.267755615,2.267755615,118.0813119,5.827620008,5.827620008,1.094902827,0.041688506,0.041688506,MACS_J0329.6-0211,0.45,9.355,0.362,15.674,0.469,0,3:29:41.681       ,-2:11:47.65       ,
304,MACS_J0358.8-2955,26.15137019,14.95643678,14.95643678,167.4199202,22.121981,22.121981,0.687000341,0.061674152,0.061674152,MACS_J0358.8-2955,0.425,3.674,0.199,7.657,0.267,0,3:58:52.563       ,-29:55:49.10      ,
335,MACS_J0416.1-2403,76.27244299,106.5217605,106.5217605,245.7169321,116.8941501,116.8941501,0.421221067,0.224674652,0.224674652,MACS_J0416.1-2403,0.42,4.496,0.32,5.749,0.357,0,4:16:09.444       ,-24:04:00.73      ,
180,MACS_J0417.5-1154,23.91943497,8.332098963,8.332098963,159.3957531,14.09368163,14.09368163,0.935201163,0.061025173,0.061025173,MACS_J0417.5-1154,0.44,6.716,0.194,8.966,0.207,20,4:17:34.687       ,-11:54:32.72      ,
326,MACS_J0429.6-0253,12.16901712,3.110479556,3.110479556,109.8732696,8.616479364,8.616479364,1.165621469,0.070862825,0.070862825,MACS_J0429.6-0253,0.399,14.9,0.621,16.28,0.66,0,4:29:36.089       ,-2:53:09.02       ,
219,MACS_J0553.4-3342,106.5767327,46.57404126,46.57404126,220.9296528,82.05863007,82.05863007,0.69351499,0.179024568,0.179024568,MACS_J0553.4-3342,0.407,3.469,0.141,3.651,0.144,20,5:53:27.671       ,-33:42:37.56      ,
120,MACS_J0744.9+3927,53.44326193,7.50834945,7.50834945,86.73430899,11.75382689,11.75382689,1.150814386,0.085723456,0.085723456,MACS_J0744.9+3927,0.6976,9.582,0.412,12.471,0.479,0,7:44:52.802       ,39:27:24.41       ,
284,MACS_J1108.9+0906,80.24928325,38.93989457,38.93989457,111.0191454,64.85440183,64.85440183,0.788728101,0.251802041,0.251802041,MACS_J1108.9+0906,0.449,4.721,0.475,8.216,0.654,0,11:08:55.287      ,9:05:56.91        ,
297,MACS_J1115.8+0129,22.14670928,2.422180462,2.422180462,124.0165555,9.385828536,9.385828536,1.667493344,0.182666873,0.182666873,MACS_J1115.8+0129,0.352,12.876,0.333,12.623,0.33,13,11:15:52.049      ,1:29:56.54        ,
345,MACS_J1149.6+2223,267.5397843,25.88692727,25.88692727,18.05159783,9.183506855,9.183506855,1.858858634,0.104069578,0.104069578,MACS_J1149.6+2223,0.5444,3.013,0.272,3.795,0.286,0,11:49:35.856      ,22:23:55.03       ,
123,MACS_J1206.2-0847,54.19987647,11.44318455,11.44318455,134.8509583,20.75470907,20.75470907,1.104505715,0.10220785,0.10220785,MACS_J1206.2-0847,0.44,9.016,0.35,7.072,0.308,0,12:06:12.276      ,-8:48:02.41       ,
47,MACS_J1311.0-0311,32.42311288,3.780681509,3.780681509,83.82732896,8.126687111,8.126687111,1.35652531,0.08531269,0.08531269,MACS_J1311.0-0311,0.494,7.664,0.356,20.045,0.691,0,13:11:01.666      ,-3:10:39.50       ,
189,MACS_J1359.2-1929,19.0128541,3.628066286,3.628066286,92.6446842,9.761090862,9.761090862,1.329786958,0.105629275,0.105629275,MACS_J1359.2-1929,0.447,97.328,4.391,52.091,2.415,0,13:59:10.221      ,-19:29:25.09      ,
136,MACS_J1427.6-2521,9.473921358,4.811190542,4.811190542,133.7330763,10.33538311,10.33538311,0.92183939,0.065539961,0.065539961,MACS_J1427.6-2521,0.318,8.244,0.48,30.193,1.245,0,14:27:40.243      ,-25:21:14.75      ,
199,MACS_J1532.8+3021,13.36477019,0.900828014,0.900828014,82.16850157,2.761164453,2.761164453,1.339026905,0.029728021,0.029728021,MACS_J1532.8+3021,0.345,7.564,0.125,18.121,0.208,0,15:32:53.782      ,30:20:58.70       ,
104,MACS_J1621.3+3810,-2.413422374,5.625767322,5.625767322,168.7601013,12.89336852,12.89336852,0.917353873,0.057953478,0.057953478,MACS_J1621.3+3810,0.465,10.743,0.324,19.403,0.485,0,16:21:24.802      ,38:10:08.65       ,
48,MACS_J1720.2+3536,12.31214016,2.522833442,2.522833442,131.3236661,7.489217163,7.489217163,1.122334691,0.047843494,0.047843494,MACS_J1720.2+3536,0.3913,10.775,0.341,13.119,0.382,0,17:20:16.954      ,35:36:23.62       ,
85,MACS_J1829.0+6913,36.35694199,4.091390828,4.091390828,99.98356882,8.250477474,8.250477474,1.328286087,0.093758639,0.093758639,MACS_J1829.0+6913,0.203,5.574,0.339,-,-,0,18:29:06.200      ,69:14:08.04       ,
146,MACS_J1931.8-2635,20.74614369,1.384883305,1.384883305,83.33883087,3.831946831,3.831946831,1.473548189,0.049122297,0.049122297,MACS_J1931.8-2635,0.352,8.884,0.162,15.562,0.206,15,19:31:49.656      ,-26:34:34.00      ,
222,MACS_J2046.0-3430,6.476170253,2.107999215,2.107999215,103.5103188,6.179283267,6.179283267,1.145054989,0.060846373,0.060846373,MACS_J2046.0-3430,0.423,12.531,0.598,21.947,0.893,0,20:46:00.425      ,-34:30:22.05      ,
202,MACS_J2140.2-2339,12.92757068,1.100710473,1.100710473,91.53265494,3.478352868,3.478352868,1.350160372,0.041120037,0.041120037,MACS_J2140.2-2339,0.313,10.301,0.206,17.566,0.277,0,21:40:15.178      ,-23:39:40.72      ,
252,MACS_J2214-1359,150.1977052,23.60052444,23.60052444,62.246039,24.88759964,24.88759964,1.286384518,0.195214667,0.195214667,MACS_J2214-1359,0.483,6.913,0.392,7.102,0.398,0,22:14:57.468      ,-14:00:09.36      ,
106,MACS_J2229.8-2756,7.679497422,1.376340964,1.376340964,93.19097146,5.099803672,5.099803672,1.285399802,0.054401154,0.054401154,MACS_J2229.8-2756,0.324,13.711,0.441,18.477,0.528,0,22:29:45.358      ,-27:55:38.42      ,
281,MACS_J2245.0+2637,38.96842233,6.767550901,6.767550901,90.58543637,13.34237809,13.34237809,1.270993061,0.145097396,0.145097396,MACS_J2245.0+2637,0.304,12.712,0.621,13.967,0.663,0,22:45:04.656      ,26:38:03.44       ,
243,MaxBCG_J016.70077+01.05926,11.75130698,0.707267751,0.707267751,68.44206677,2.756575556,2.756575556,1.516789917,0.046818677,0.046818677,MaxBCG_J016.70077+01.05926,0.2539,8.1,0.214,30.053,0.526,0,1:06:49.016       ,1:03:13.70,
244,MCXC_J0035.4-2015,136.3763388,16.25504296,16.25504296,41.33666043,12.8930606,12.8930606,1.521100987,0.1493314,0.1493314,MCXC_J0035.4-2015,0.364,4.292,0.263,6.737,0.325,0,0:35:26.573       ,-20:15:46.04      ,
231,MCXC_J0220.9-3829,18.43114363,3.386269738,3.386269738,110.539757,7.653881612,7.653881612,1.048725044,0.059166653,0.059166653,MCXC_J0220.9-3829,0.2287,7.332,0.501,23.228,1.076,0,2:20:56.582       ,-38:28:51.20      ,
318,MCXC_J0301.6+0155,12.1807027,1.87025586,1.87025586,112.0839988,4.925220927,4.925220927,1.063967112,0.045185404,0.045185404,MCXC_J0301.6+0155,0.1695,6.862,0.352,19.333,0.636,0,3:01:38.211       ,1:55:13.76        ,
31,MCXC_J0303.7-7752,187.0740793,34.23908608,34.23908608,85.93885432,47.78585149,47.78585149,1.419942891,0.315717861,0.315717861,MCXC_J0303.7-7752,0.2742,8.952,0.368,5.722,0.281,10,3:03:45.279       ,-77:52:47.16      ,
273,MCXC_J0331.1-2100,11.71767166,1.574058023,1.574058023,114.9912438,5.396431165,5.396431165,1.25150473,0.053046584,0.053046584,MCXC_J0331.1-2100,0.188,12.035,0.392,17.616,0.5,0,3:31:06.019       ,-21:00:32.94      ,
128,MCXC_J0338.6+0958,5.110625291,0.100138096,0.100138096,106.9010393,0.925257097,0.925257097,1.394871342,0.010731086,0.010731086,MCXC_J0338.6+0958,0.0363,1.523,0.049,10.661,0.046,15,3:38:41.105       ,9:58:00.66        ,
182,MCXC_J0340.8-4542,189.4193888,55.69196301,55.69196301,68.97364744,132.7054053,132.7054053,0.632863941,0.750334405,0.750334405,MCXC_J0340.8-4542,0.0698,-,-,0.329,0.027,0,3:40:53.790       ,-45:40:35.31      ,
263,MCXC_J0352.9+1941,7.106010084,0.38042531,0.38042531,56.74915995,2.013031672,2.013031672,1.493966752,0.060612267,0.060612267,MCXC_J0352.9+1941,0.109,6.812,0.199,24.523,0.437,10,3:52:58.482       ,19:40:54.76       ,
133,MCXC_J0425.8-0833,6.655858271,1.319544172,1.319544172,122.5706074,3.694630391,3.694630391,0.924497717,0.041539157,0.041539157,MCXC_J0425.8-0833,0.0397,5.5,0.234,21.536,0.571,0,4:25:51.271       ,-8:33:36.43       ,
125,MCXC_J0437.1+0043,39.93917798,4.171809587,4.171809587,88.44724988,8.152909115,8.152909115,1.301028837,0.079186829,0.079186829,MCXC_J0437.1+0043,0.285,7.314,0.318,13.841,0.485,0,4:37:09.546       ,0:43:56.03        ,
50,MCXC_J0439.0+0520,6.154551865,1.596889299,1.596889299,118.3454443,5.101132883,5.101132883,1.066808323,0.044307084,0.044307084,MCXC_J0439.0+0520,0.208,10.409,0.403,16.066,0.504,0,4:39:02.218       ,5:20:43.12        ,
152,MCXC_J0439.0+0715,57.20741694,11.95636792,11.95636792,116.2688287,17.76838355,17.76838355,0.946359041,0.095271712,0.095271712,MCXC_J0439.0+0715,0.23,5.312,0.292,9.287,0.371,0,4:39:00.710       ,7:16:07.64        ,
331,MCXC_J0454.1-0300,193.3504602,20.56101313,20.56101313,49.05293958,20.32162808,20.32162808,1.386521485,0.197272842,0.197272842,MCXC_J0454.1-0300,0.55,4.257,0.213,5.899,0.251,0,4:54:11.004       ,-3:00:52.20       ,
235,MCXC_J0510.7-0801,122.1721219,51.63643834,51.63643834,150.6999096,79.44340219,79.44340219,0.574048752,0.180453235,0.180453235,MCXC_J0510.7-0801,0.2195,3.039,0.234,4.788,0.243,0,5:10:47.643       ,-8:01:39.10       ,
148,MCXC_J0528.2-2942,88.46344223,18.80990161,18.80990161,91.8765955,37.03126744,37.03126744,1.361161083,0.366393307,0.366393307,MCXC_J0528.2-2942,0.1582,2.641,0.347,45.582,2.427,10,5:28:14.723       ,-29:43:14.77      ,
97,MCXC_J0532.9-3701,98.10585443,24.011557,24.011557,128.7718267,35.40553694,35.40553694,1.019584911,0.150742127,0.150742127,MCXC_J0532.9-3701,0.2747,10.226,0.392,8.913,0.361,0,5:32:55.534       ,-37:01:35.13      ,
20,MCXC_J0547.0-3904,10.80401907,2.398419872,2.398419872,124.927998,8.181811691,8.181811691,1.17880041,0.07172017,0.07172017,MCXC_J0547.0-3904,0.21,17.454,0.825,27.106,1.173,0,5:47:01.582       ,-39:04:28.24      ,
311,MCXC_J0819.6+6336,6.463592112,14.10010717,14.10010717,160.3094293,26.19992445,26.19992445,0.695394283,0.133692154,0.133692154,MCXC_J0819.6+6336,0.119,5.876,0.466,20.651,1.014,0,8:19:26.006       ,63:37:26.54       ,
295,MCXC_J1000.5+4409,16.98456922,5.367232164,5.367232164,111.2583016,9.943407751,9.943407751,0.940114082,0.082840679,0.082840679,MCXC_J1000.5+4409,0.154,6.242,0.479,29.489,1.324,0,10:00:32.023      ,44:08:39.70       ,
317,MCXC_J1010.5-1239,22.53130311,50.16576116,50.16576116,227.9846596,73.45601861,73.45601861,0.561447156,0.186808928,0.186808928,MCXC_J1010.5-1239,0.301,3.498,0.303,7.431,0.368,10,10:10:32.311      ,-12:39:56.81      ,
65,MCXC_J1022.0+3830,38.80329833,9.493557565,9.493557565,177.3953364,16.64600721,16.64600721,1.018298916,0.254812766,0.254812766,MCXC_J1022.0+3830,0.0491,-,-,-,-,0,10:22:10.034      ,38:31:23.56       ,
249,MCXC_J1053.7+5452,63.30019963,12.56008447,12.56008447,60.46444948,16.23027072,16.23027072,1.188858822,0.160862178,0.160862178,MCXC_J1053.7+5452,0.0704,2.15,0.901,-,-,0,10:53:32.084      ,54:52:45.30       ,
327,MCXC_J1130.0+3637,21.31577212,2.683327209,2.683327209,119.2637881,8.123517286,8.123517286,1.098028452,0.124095904,0.124095904,MCXC_J1130.0+3637,0.06,19.21,1.213,-,-,3,11:30:02.789      ,36:38:08.27       ,
42,MCXC_J1215.4-3900,275.4463686,63.70049528,63.70049528,71.6477252,105.1279427,105.1279427,1.131345776,0.465606989,0.465606989,MCXC_J1215.4-3900,0.119,1.894,0.34,10.548,0.816,0,12:15:24.644      ,-39:02:10.69      ,
129,MCXC_J1234.2+0947,194.6084942,65.36794118,65.36794118,87.95948874,115.8214334,115.8214334,0.841597667,0.419009303,0.419009303,MCXC_J1234.2+0947,0.229,4.985,0.955,-,-,0,12:34:24.324      ,9:47:21.24        ,
333,MCXC_J1514.9-1523,356.1472657,108.5454484,108.5454484,137.9475843,191.2904716,191.2904716,0.610971761,0.399203652,0.399203652,MCXC_J1514.9-1523,0.2226,1.435,0.172,2.294,0.13,8,15:15:02.556      ,-15:23:21.09      ,
25,MCXC_J1524.2-3154,5.443683405,0.427677232,0.427677232,104.8507793,2.302589668,2.302589668,1.194531542,0.022358342,0.022358342,MCXC_J1524.2-3154,0.1028,5.105,0.117,17.177,0.195,0,15:24:12.831      ,-31:54:16.15      ,
115,MCXC_J1558.3-1410,28.46921709,1.712225593,1.712225593,115.1162585,4.612097293,4.612097293,1.495689645,0.101897367,0.101897367,MCXC_J1558.3-1410,0.097,2.772,0.093,13.082,0.148,30,15:58:21.847      ,-14:09:57.86      ,
149,MCXC_J1750.2+3504,-1.787093439,2.579713567,2.579713567,163.6417247,7.58924352,7.58924352,0.8863562,0.041840304,0.041840304,MCXC_J1750.2+3504,0.171,8.494,0.413,18.564,0.616,0,17:50:16.577      ,35:04:58.17       ,
112,MCXC_J1852.1+5711,9.598311305,7.762803052,7.762803052,168.0696898,13.19666475,13.19666475,0.842811008,0.096691684,0.096691684,MCXC_J1852.1+5711,0.1094,7.7,0.45,-,-,3,18:52:08.815      ,57:11:42.61       ,
336,MCXC_J1853.9+6822,76.43099856,14.61502097,14.61502097,198.8735149,33.89489627,33.89489627,1.401647319,0.384031408,0.384031408,MCXC_J1853.9+6822,0.0928,2.614,0.37,100.673,4.144,15,18:54:02.258      ,68:22:57.72       ,
187,MCXC_J1947.3-7623,17.50251407,8.751802564,8.751802564,179.2173408,16.09750587,16.09750587,0.823969383,0.058773797,0.058773797,MCXC_J1947.3-7623,0.217,10.266,0.405,10.716,0.416,0,19:47:14.904      ,-76:23:44.79      ,
61,MCXC_J2003.5-2323,217.8881298,91.72455968,91.72455968,134.2479185,149.2770206,149.2770206,0.87713494,0.468191278,0.468191278,MCXC_J2003.5-2323,0.3171,7.443,0.403,7.284,0.389,25,20:03:26.970      ,-23:22:57.77      ,
229,MCXC_J2011.3-5725,39.44110021,8.622403451,8.622403451,64.57536935,15.58338126,15.58338126,1.194026343,0.205611322,0.205611322,MCXC_J2011.3-5725,0.2786,5.95,0.457,20.347,1.022,0,20:11:26.803      ,-57:25:10.72      ,
14,MCXC_J2014.8-2430,5.103682011,0.800273119,0.800273119,116.6260714,3.756855821,3.756855821,1.20805382,0.035232592,0.035232592,MCXC_J2014.8-2430,0.1612,11.909,0.207,14.16,0.211,0,20:14:51.741      ,-24:30:32.21      ,
134,MCXC_J2211.7-0349,96.78974631,15.1874606,15.1874606,105.8256642,19.20597525,19.20597525,1.342926521,0.111093585,0.111093585,MCXC_J2211.7-0349,0.27,21.522,0.586,11.798,0.388,0,22:11:45.857      ,-3:49:37.24       ,
44,MCXC_J2218.6-3853,132.838358,15.49794134,15.49794134,47.64027535,17.74789186,17.74789186,1.423374189,0.218879325,0.218879325,MCXC_J2218.6-3853,0.1379,2.144,0.217,8.084,0.356,0,22:18:39.619      ,-38:54:06.19      ,
38,MCXC_J2311.5+0338,85.30271484,14.55623954,14.55623954,121.6714918,17.01651752,17.01651752,1.188989233,0.070641911,0.070641911,MCXC_J2311.5+0338,0.2998,6.673,0.32,7.612,0.345,0,23:11:33.230      ,3:38:08.23        ,
329,MCXC_J2344.2-0422,108.5706686,13.25112291,13.25112291,66.38705156,15.73941885,15.73941885,1.283417266,0.156822545,0.156822545,MCXC_J2344.2-0422,0.0786,1.624,0.234,34.61,1.642,0,23:44:18.524      ,-4:22:52.79       ,
59,MESSIER_089,1.273536201,0.032032665,0.032032665,928.7540411,52.83980209,52.83980209,1.230215008,0.015573013,0.015573013,MESSIER_089,0.0011,1,0.01,24.261,0.456,7,12:35:39.773      ,12:33:23.97       ,
322,MKW_03s,18.04446962,1.755046436,1.755046436,117.2195344,2.723727614,2.723727614,0.910463591,0.029086606,0.029086606,MKW_03s,0.045,1.641,0.083,10.648,0.081,0,15:21:51.929      ,7:42:31.97        ,
316,MKW_04,2.616749312,0.436684194,0.436684194,176.9543155,7.150231789,7.150231789,0.86301744,0.025281438,0.025281438,MKW_04,0.02,6.044,0.198,10.667,0.203,0,12:04:27.218      ,1:53:42.79        ,
320,MZ_10451,11.59111244,10.74617803,10.74617803,73.10975285,20.11307036,20.11307036,0.569013854,0.458737638,0.458737638,MZ_10451,0.0608,0.972,0.016,-,-,0,2:29:45.684       ,-29:37:48.17      ,
139,NGC_0741_GROUP,1.342844568,0.211042328,0.211042328,595.2691605,91.60708944,91.60708944,1.36903379,0.064774669,0.064774669,NGC_0741_GROUP,0.0185,28.968,1.31,17.943,0.882,0,1:56:21.012       ,5:37:38.06        ,
#212,NGC_0766,1.207533149,0.676117297,0.676117297,294.9198004,298.9436148,298.9436148,1.337861588,0.299428032,0.299428032,NGC_0766,0.027,0.954,0.035,56.417,8.019,0,,,
#155,NGC_0777,4.296747282,0.286870278,0.286870278,552.9076608,227.6386255,227.6386255,1.838488658,0.11672204,0.11672204,NGC_0777,0.0167,9.573,0.77,18.649,1.139,4,2:00:14.889       ,31:25:45.69       ,
341,NGC_1132,-1.647523644,0.843255979,0.843255979,112.2935527,3.304948934,3.304948934,0.663272548,0.03476702,0.03476702,NGC_1132,0.0231,6.905,1.067,12.948,0.725,0,2:52:51.923       ,-1:16:26.46       ,
158,NGC_2563_GROUP,1.361985969,0.679275305,0.679275305,930.5425866,51.35529,51.35529,1.317907053,0.037016116,0.037016116,NGC_2563_GROUP,0.0163,-,-,-,-,2,8:20:35.644       ,21:04:04.38       ,
#291,NGC_3209,3.264831431,0.846405836,0.846405836,182.7005588,297.5260704,297.5260704,1.216975991,0.526820067,0.526820067,NGC_3209,0.0209,-,-,-,-,0,,,
23,NGC_3402_GROUP,1.665973716,0.118794875,0.118794875,93.94195396,2.838675779,2.838675779,0.954959506,0.019988669,0.019988669,NGC_3402_GROUP,0.0154,3.34,0.289,16.732,0.313,0,10:50:26.124      ,-12:50:41.75      ,
30,NGC_3551,-21.01900584,22.50955701,22.50955701,218.2037521,37.10389176,37.10389176,0.490544523,0.316762812,0.316762812,NGC_3551,0.032,11.49,1.311,-,-,10,11:09:44.233      ,21:45:33.74       ,
215,NGC_4104_GROUP,0.020932278,0.395778231,0.395778231,871.3536931,94.1399901,94.1399901,1.315719466,0.043625955,0.043625955,NGC_4104_GROUP,0.0283,19.778,0.852,-,-,16,12:06:38.974      ,28:10:29.93       ,
131,NGC_4325_GROUP,3.283555985,0.200836857,0.200836857,110.6591677,3.216466396,3.216466396,1.288758462,0.025898564,0.025898564,NGC_4325_GROUP,0.0252,1.344,0.243,15.733,0.295,0,12:23:06.550      ,10:37:19.80       ,
116,NGC_4636,0.800963174,0.091220766,0.091220766,228.9371405,13.52757636,13.52757636,1.024891914,0.022026685,0.022026685,NGC_4636,0.0031,2.596,0.12,9.92,0.116,0,12:42:49.855      ,2:41:15.86        ,
313,NGC_4759_GROUP,2.485219547,0.104283269,0.104283269,168.1491512,8.097450193,8.097450193,1.15558416,0.024648554,0.024648554,NGC_4759_GROUP,0.0147,2.147,0.112,22.482,0.24,0,12:53:05.741      ,-9:12:15.62       ,
124,NGC_4782-3,3.197232656,0.756046676,0.756046676,309.1221625,63.04906184,63.04906184,1.246297368,0.09964881,0.09964881,NGC_4782-3,0.0154,19.632,1.357,-,-,2,12:54:36.101      ,-12:33:38.68      ,
172,NGC_4839,-26.39713728,15.22031292,15.22031292,856.0667991,103.8246168,103.8246168,0.77681762,0.114367583,0.114367583,NGC_4839,0.0246,-,-,-,-,22,12:57:24.401      ,27:29:51.85       ,
7,NGC_5044,1.304865131,0.142564759,0.142564759,47.72892142,1.7658184,1.7658184,0.721984537,0.022231879,0.022231879,NGC_5044,0.0093,1.36,0.23,6.228,0.046,21,13:15:23.947      ,-16:23:07.62      ,
324,NGC_5098_GROUP,4.79794339,0.943555701,0.943555701,129.7160374,6.624973238,6.624973238,1.159503875,0.060367893,0.060367893,NGC_5098_GROUP,0.0366,5.521,0.643,-,-,0,13:20:14.650      ,33:08:33.07       ,
162,NGC_5129,-0.456869972,0.65894497,0.65894497,212.4188121,33.87903458,33.87903458,0.922983782,0.074660067,0.074660067,NGC_5129,0.023,11.372,0.794,-,-,7,13:24:09.984      ,13:58:31.82       ,
15,NGC_5171,41.30370841,17.84211569,17.84211569,103.6501213,84.83313212,84.83313212,0.987389638,0.735182188,0.735182188,NGC_5171,0.0229,-,-,0.516,0.055,0,13:29:24.956      ,11:45:45.32       ,
285,NGC_6269,1.305026813,1.931679306,1.931679306,279.7092512,47.55836346,47.55836346,0.892107334,0.099685944,0.099685944,NGC_6269,0.0348,9.954,0.614,-,-,35,16:57:58.110      ,27:51:14.62       ,
196,NGC_6482,0.836611267,0.24262418,0.24262418,75.09467651,9.968469658,9.968469658,0.826018745,0.057435501,0.057435501,NGC_6482,0.0131,9.279,0.513,23.417,0.844,0,17:51:48.743      ,23:04:18.67       ,
161,NGC_6868,0.697631475,0.554266428,0.554266428,564.7727079,228.7917113,228.7917113,1.219323574,0.118604169,0.118604169,NGC_6868,0.0095,12.534,1.089,-,-,22,20:09:54.100      ,-48:22:47.62      ,
239,NGC_7618,-2.042063562,0.973687424,0.973687424,54.09464561,3.680262684,3.680262684,0.509597387,0.056905989,0.056905989,NGC_7618,0.0173,6.201,0.541,69.387,2.333,0,23:19:48.021      ,42:51:11.68       ,
113,NGC4936-offset2,-0.354157409,3.07569606,3.07569606,102.7879128,11.70076723,11.70076723,0.592984906,0.131390321,0.131390321,NGC4936-offset2,0.0103,16.104,2.447,-,-,0,13:04:17.154      ,-30:31:33.85      ,
207,NGC5419-offset1,0.834179122,0.936265937,0.936265937,795.3660428,128.59695,128.59695,1.053099519,0.063932757,0.063932757,NGC5419-offset1,0.0138,-,-,-,-,14,14:03:38.864      ,-33:58:41.86      ,
294,NGC5419-offset2,-1.972578648,1.106804005,1.106804005,423.6847802,52.65848154,52.65848154,0.860784231,0.055867149,0.055867149,NGC5419-offset2,0.0138,-,-,53.292,2.588,0,14:03:38.803      ,-33:58:40.99      ,
293,NSC_J084254+292723,22.86283864,2.042529368,2.042529368,100.8487915,6.188748446,6.188748446,1.545728409,0.106470073,0.106470073,NSC_J084254+292723,0.194,10.305,0.333,21.265,0.549,0,8:42:55.968       ,29:27:26.96       ,
339,NSC_J092017+303027,128.4870946,76.67303402,76.67303402,206.5039247,111.6894245,111.6894245,0.59329519,0.193007346,0.193007346,NSC_J092017+303027,0.2578,3.981,0.421,8.186,0.639,0,9:20:26.515       ,30:29:37.70       ,
259,NSC_J174715+451155,290.6924328,35.20404331,35.20404331,11.49164688,16.42552005,16.42552005,1.75065615,0.185998566,0.185998566,NSC_J174715+451155,0.1565,2.492,0.524,6.1,0.565,0,17:47:14.257      ,45:11:45.53       ,
198,NSCS_J000619+105206,58.42810639,11.0890715,11.0890715,135.6158318,17.23457128,17.23457128,0.908014979,0.08407678,0.08407678,NSCS_J000619+105206,0.167,4.685,0.305,15.786,0.611,0,0:06:20.290       ,10:51:51.46      ,
60,NSCS_J122648+215157,57.71948801,16.38793688,16.38793688,120.6739976,26.52069725,26.52069725,0.91092991,0.164047989,0.164047989,NSCS_J122648+215157,0.37,3.487,0.321,-,-,14,12:26:50.962      ,21:49:57.35      ,
64,NSCS_J135021+094042,-6.288573339,1.540898762,1.540898762,172.1897528,5.844069701,5.844069701,0.831499512,0.040155474,0.040155474,NSCS_J135021+094042,0.09,11.368,0.36,24.78,0.648,0,13:50:21.919      ,9:40:11.36       ,
32,NSCS_J144726+082824,11.21973756,1.701149475,1.701149475,195.74596,8.898485829,8.898485829,1.555541492,0.061483897,0.061483897,NSCS_J144726+082824,0.1954,-,-,26.597,0.668,0,14:47:26.634      ,8:28:25.31       ,
225,NSCS_J145715+222009,12.77931414,1.246583182,1.246583182,80.99168141,3.026839138,3.026839138,1.135317885,0.026707978,0.026707978,NSCS_J145715+222009,0.2578,5.113,0.12,17.3,0.224,0,14:57:15.089      ,22:20:32.50      ,
0,Ophiuchus_CLUSTER,-22.28053562,1.746935362,1.746935362,259.3840952,2.600185069,2.600185069,0.513202485,0.013183063,0.013183063,Ophiuchus_CLUSTER,0.028,2.607,0.028,2.626,0.015,0,17:12:27.732      ,-23:22:06.74      ,
264,PKS_0745-19,8.581463682,0.314824263,0.314824263,118.196891,1.028664693,1.028664693,1.167097939,0.011998501,0.011998501,PKS_0745-19,0.1028,3.964,0.035,11.994,0.049,0,7:47:31.435       ,-19:17:39.77      ,
73,PLCKESZ_G167.65+17.64,209.9787778,18.21718362,18.21718362,21.81852979,7.294080041,7.294080041,1.885743222,0.085667898,0.085667898,PLCKESZ_G167.65+17.64,0.174,2.161,0.238,4.062,0.261,5,6:38:03.685       ,47:47:53.91    ,
122,PLCKESZ_G264.41+19.48,94.34654772,40.03736969,40.03736969,176.5745182,56.78643266,56.78643266,0.782983283,0.138708552,0.138708552,PLCKESZ_G264.41+19.48,0.24,6.162,0.392,8.551,0.48,0,10:00:01.616      ,-30:16:37.08   ,
43,PLCKESZ_G286.58-31.25,149.1273857,62.57103648,62.57103648,146.3265608,86.89224406,86.89224406,0.782414471,0.226221079,0.226221079,PLCKESZ_G286.58-31.25,0.21,2.8,0.268,6.719,0.44,0,5:31:28.417       ,-75:10:45.50   ,
167,PLCKESZ_G304.84-41.42,-48.26712337,43.67531794,43.67531794,356.0326502,45.56339746,45.56339746,0.487512825,0.082900035,0.082900035,PLCKESZ_G304.84-41.42,0.41,8.029,0.438,8.113,0.44,0,0:28:05.714       ,-75:37:48.38   ,
111,PLCKESZ_G337.09-25.97,78.31596095,8.850000384,8.850000384,64.34718727,13.71764889,13.71764889,1.663078136,0.191025538,0.191025538,PLCKESZ_G337.09-25.97,0.2636,5.361,0.277,9.729,0.369,12,19:14:37.530      ,-59:28:19.80   ,
3,RBS_0653,27.86244943,4.748824114,4.748824114,164.1536356,10.31505756,10.31505756,0.940643887,0.043116295,0.043116295,RBS_0653,0.2839,4.574,0.184,8.6,0.208,0,5:28:53.040       ,-39:28:15.53      ,
271,RCS_J2327-0204,45.27492263,7.172562918,7.172562918,212.7110378,14.88313855,14.88313855,1.22392656,0.087814292,0.087814292,RCS_J2327-0204,0.2,-,-,31.671,0.734,0,23:27:27.523      ,-2:04:39.00       ,
307,SC_1329-313,167.3303561,16.56714074,16.56714074,61.94400837,24.46632968,24.46632968,1.702901573,0.208316635,0.208316635,SC_1329-313,0.0482,1.739,0.38,-,-,0,13:31:27.606      ,-31:49:16.52      ,
168,SDSS_+137.3+11.0+0.18,88.19962308,16.42519073,16.42519073,99.19423116,23.78779047,23.78779047,1.014556144,0.164583615,0.164583615,SDSS_+137.3+11.0+0.18,0.18,2.587,0.182,10.198,0.328,0,9:09:12.754       ,10:58:32.02    ,
92,SDSS-C4_3062,46.65076502,12.1935842,12.1935842,160.1452061,27.81599433,27.81599433,1.264340112,0.264069342,0.264069342,SDSS-C4_3062,0.0638,-,-,-,-,0,8:10:22.822       ,42:16:26.10       ,
28,SDSS-C4_3072,19.70288545,1.476816274,1.476816274,104.1011483,4.06863399,4.06863399,1.308491975,0.030248661,0.030248661,SDSS-C4_3072,0.164,5.604,0.117,11.988,0.151,0,17:20:09.941      ,26:37:29.10       ,
200,SDSS-C4-DR3_3018,130.9021778,37.89210241,37.89210241,103.0860246,73.25125611,73.25125611,1.068276957,0.657093779,0.657093779,SDSS-C4-DR3_3018,0.051,0.455,0.056,0.487,0.028,12,11:47:18.571      ,55:44:24.05       ,
232,SDSS-C4-DR3_3144,3.097459609,0.714221292,0.714221292,393.634632,61.00644118,61.00644118,1.448277152,0.103510046,0.103510046,SDSS-C4-DR3_3144,0.081,13.323,0.563,245.579,7.397,10,11:59:52.296      ,55:32:05.60       ,
150,SPT-CL_J0615-5746,77.52225221,10.40395323,10.40395323,77.43463037,14.03305365,14.03305365,1.313943979,0.110980648,0.110980648,SPT-CL_J0615-5746,0.972,9.194,0.393,11.566,0.455,0,6:15:51.859       ,-57:46:45.86      ,
191,SPT-CL_J2023-5535,186.1274536,83.93882291,83.93882291,142.2410171,160.6702179,160.6702179,0.758415046,0.646465903,0.646465903,SPT-CL_J2023-5535,0.232,3.811,0.304,4.065,0.311,12,20:23:21.324      ,-55:35:48.28      ,
56,SPT-CLJ2043-5035,15.84805071,3.138106575,3.138106575,82.65294062,8.551140718,8.551140718,1.242214137,0.088744435,0.088744435,SPT-CLJ2043-5035,0.723,18.224,0.919,33.528,1.545,0,20:43:17.535      ,-50:35:32.32      ,
108,SSGC_081,44.51237147,20.29010525,20.29010525,165.3428809,31.98845294,31.98845294,0.613713849,0.12199951,0.12199951,SSGC_081,0.0495,2.629,0.296,10.11,0.362,0,13:29:47.748      ,-31:36:23.54      ,
140,Stephans_Quintet,3.064571692,2.147199832,2.147199832,56.50034262,12.8120863,12.8120863,0.727641446,0.205496815,0.205496815,Stephans_Quintet,0.0215,3.176,0.53,-,-,0,22:35:59.894      ,33:58:19.65       ,
254,UGC_00842,-22.63176688,19.26984379,19.26984379,215.2209118,20.69863003,20.69863003,0.43045587,0.160002655,0.160002655,UGC_00842,0.0452,10.438,0.924,-,-,10,1:18:53.945       ,-1:00:07.52       ,
130,UGC_02748,5.953177375,1.2074622,1.2074622,329.7909607,103.6670689,103.6670689,1.659305062,0.211778458,0.211778458,UGC_02748,0.0302,15.092,0.985,-,-,10,3:27:54.037       ,2:33:41.76        ,
188,UGC_05088_GROUP,3.27476934,3.276974168,3.276974168,104.3212286,8.405614021,8.405614021,0.788463446,0.142245472,0.142245472,UGC_05088_GROUP,0.0274,4.038,0.832,-,-,0,9:33:25.676       ,34:02:53.22       ,
194,UGC_12491,6.962944469,0.490617854,0.490617854,206.1956272,23.39537298,23.39537298,1.540805749,0.084445611,0.084445611,UGC_12491,0.0174,5.315,0.219,18.875,0.455,0,23:18:38.311      ,42:57:29.05       ,
93,UGCl_120,-2.57587068,2.073912524,2.073912524,238.1869901,25.84369847,25.84369847,0.979089048,0.094225595,0.094225595,UGCl_120,0.0293,-,-,-,-,0,8:23:21.642       ,4:22:21.33        ,
96,WARP_J1415.1+3612,-10.5676632,40.95122529,40.95122529,162.6484364,57.3918206,57.3918206,0.455589434,0.216858859,0.216858859,WARP_J1415.1+3612,1.03,36.458,2.617,-,-,0,14:15:10.898      ,36:12:07.93       ,
238,WBL_518,89.36252494,48.07494686,48.07494686,144.1705922,94.67925182,94.67925182,0.405448358,0.307322012,0.307322012,WBL_518,0.027,2.168,0.206,-,-,0,14:40:39.634      ,3:28:13.62        ,
288,WBL_671,-10.88920697,12.28536719,12.28536719,254.0810008,101.2069322,101.2069322,0.702160752,0.394657851,0.394657851,WBL_671,0.051,0.933,0.028,-,-,0,21:37:08.706      ,0:26:45.09        ,
277,WEIN_051,84.17726746,55.15332084,55.15332084,196.2603841,94.34797629,94.34797629,0.420238759,0.257670092,0.257670092,WEIN_051,0.0222,1.739,0.111,2.509,0.098,0,4:50:06.509       ,45:03:03.48       ,
141,WHL_J093820.9+520243,92.45939451,18.08901106,18.08901106,60.01834175,40.97332017,40.97332017,1.255479659,0.545717968,0.545717968,WHL_J093820.9+520243,0.3605,4.49,0.362,11.109,0.554,14,9:38:20.332       ,52:02:53.41     ,
8,WHL_J102339.9+490838,128.0794815,20.58233134,20.58233134,65.20368785,22.41560586,22.41560586,1.253470677,0.176836549,0.176836549,WHL_J102339.9+490838,0.144,3.524,0.257,5.971,0.309,0,10:23:39.889      ,49:08:40.17     ,
70,WHL_J114224.8+583205,459.8512792,44.95779117,44.95779117,14.71344976,25.03173557,25.03173557,1.732358879,0.196746453,0.196746453,WHL_J114224.8+583205,0.3109,2.061,0.191,2.552,0.205,0,11:42:24.138      ,58:31:59.24     ,
303,WHL_J125933.4+600409,327.1141556,56.11776264,56.11776264,36.88866266,80.08089682,80.08089682,1.331717732,0.418066264,0.418066264,WHL_J125933.4+600409,0.33,2.101,0.346,4.578,0.424,0,12:59:33.039      ,60:04:14.14     ,
81,WHL_J131505.2+514902,159.8951474,30.27731774,30.27731774,100.5685407,32.23298153,32.23298153,1.160767575,0.149723117,0.149723117,WHL_J131505.2+514902,0.2911,4.413,0.275,5.834,0.313,0,13:15:04.789      ,51:49:09.38     ,
157,WHL_J135949.5+623047,21.23812114,6.092668,6.092668,181.6356122,13.84323123,13.84323123,1.178894914,0.130621476,0.130621476,WHL_J135949.5+623047,0.3216,8.223,0.316,13.373,0.421,0,13:59:50.525      ,62:31:04.58     ,
209,WHL_J141623.8+444528,18.73369098,17.58297325,17.58297325,104.8763729,37.53422974,37.53422974,0.900022292,0.233405748,0.233405748,WHL_J141623.8+444528,0.3859,6.001,0.785,39.699,3.018,0,14:16:27.945      ,44:46:48.20     ,
330,WHL_J142716.1+440730,12.5949367,3.479032735,3.479032735,135.3891715,10.84380588,10.84380588,1.267343481,0.077587041,0.077587041,WHL_J142716.1+440730,0.4981,51.772,1.792,17.703,0.707,0,14:27:16.133      ,44:07:37.49     ,
193,WHL_J150407.5-024816,9.077241287,0.493563217,0.493563217,82.22770692,2.096417767,2.096417767,1.329203167,0.018843329,0.018843329,WHL_J150407.5-024816,0.2153,8.643,0.108,18.391,0.197,0,15:04:07.416      ,-2:48:15.70     ,
287,ZwCl_0008.8+5215,170.494347,40.7723943,40.7723943,114.9055671,53.51622518,53.51622518,0.932294161,0.198069807,0.198069807,ZwCl_0008.8+5215,0.104,2.606,0.427,-,-,0,0:11:21.498       ,52:31:45.15       ,
143,ZwCl_0040.8+2404,9.047609293,1.164558733,1.164558733,113.8220926,3.726504377,3.726504377,1.135654409,0.04419609,0.04419609,ZwCl_0040.8+2404,0.083,7.033,0.2,14.918,0.285,0,0:43:52.269       ,24:24:19.27       ,
315,ZwCl_0735.7+7421,16.13970535,0.905909003,0.905909003,121.6504413,2.648631028,2.648631028,1.154654392,0.022177451,0.022177451,ZwCl_0735.7+7421,0.216,3.089,0.085,11.719,0.103,11,7:41:44.244       ,74:14:38.22       ,
257,ZwCl_0823.2+0425,72.06302021,16.33082613,16.33082613,90.86872794,25.86213982,25.86213982,1.266908502,0.21533762,0.21533762,ZwCl_0823.2+0425,0.2248,5.572,0.535,400.615,24.641,0,8:25:57.849       ,4:14:49.03        ,
184,ZwCl_0857.9+2107,18.93321712,2.343562881,2.343562881,81.09332868,5.948959041,5.948959041,1.716346475,0.128784917,0.128784917,ZwCl_0857.9+2107,0.23,8.823,0.233,27.145,0.491,8,9:00:36.835       ,20:53:40.34       ,
79,ZwCl_0949.6+5207,4.89507121,8.399460359,8.399460359,129.4238277,12.1951179,12.1951179,1.069764625,0.096876841,0.096876841,ZwCl_0949.6+5207,0.214,3.735,0.12,21.022,0.322,15,9:52:49.183       ,51:53:05.28       ,
55,ZwCl_1006.1+1201,122.6603589,18.25752928,18.25752928,86.03542891,23.76686283,23.76686283,1.18698104,0.175347872,0.175347872,ZwCl_1006.1+1201,0.221,2.583,0.19,10.326,0.355,10,10:08:47.462      ,11:47:36.31       ,
183,ZwCl_1742.1+3306,12.33495451,1.208654361,1.208654361,120.8304806,4.5663044,4.5663044,1.256091232,0.063509511,0.063509511,ZwCl_1742.1+3306,0.0757,2.622,0.085,11.237,0.118,22,17:44:14.515      ,32:59:29.69       ,